,unit_id,brain_area,location,n_bursts,burst_rate,total_spikes_in_bursts,mean_burst_size,total_spikes,burst_fraction,rest_duration,bin
0,3,Other,AMd,3,0.016044496737618916,10,3.3333333333333335,889,0.01124859392575928,186.98000000000093,baseline_0-5
1,6,Other,AMd,4,0.021392662316825222,15,3.75,1245,0.012048192771084338,186.98000000000093,baseline_0-5
2,8,Other,AMd,25,0.13370413948015764,88,3.52,132,0.6666666666666666,186.98000000000093,baseline_0-5
3,9,Other,AMd,5,0.02674082789603153,15,3.0,1923,0.0078003120124804995,186.98000000000093,baseline_0-5
4,10,Other,AMd,4,0.021392662316825222,13,3.25,196,0.0663265306122449,186.98000000000093,baseline_0-5
5,13,Thalamus,IAD,15,0.08022248368809458,30,2.0,567,0.05291005291005291,186.98000000000093,baseline_0-5
6,14,Thalamus,IAD,12,0.06417798695047566,21,1.75,880,0.023863636363636365,186.98000000000093,baseline_0-5
7,16,Thalamus,IAD,16,0.08557064926730089,33,2.0625,471,0.07006369426751592,186.98000000000093,baseline_0-5
8,18,Thalamus,IAD,16,0.08557064926730089,37,2.3125,317,0.1167192429022082,186.98000000000093,baseline_0-5
9,40,Thalamus,PO,10,0.05348165579206306,18,1.8,697,0.02582496413199426,186.98000000000093,baseline_0-5
10,43,Thalamus,PO,41,0.21927478874745854,74,1.8048780487804879,961,0.07700312174817898,186.98000000000093,baseline_0-5
11,46,Thalamus,PO,39,0.20857845758904592,81,2.076923076923077,1244,0.06511254019292605,186.98000000000093,baseline_0-5
12,48,Thalamus,PO,26,0.13905230505936395,56,2.1538461538461537,802,0.06982543640897755,186.98000000000093,baseline_0-5
13,65,Other,VISp5,0,0.0,0,0.0,361,0.0,186.98000000000093,baseline_0-5
14,66,Other,VISp5,6,0.03208899347523783,18,3.0,3028,0.0059445178335535,186.98000000000093,baseline_0-5
15,69,Thalamus,VPL,8,0.042785324633650444,15,1.875,275,0.05454545454545454,186.98000000000093,baseline_0-5
16,77,Thalamus,VPL,6,0.03208899347523783,9,1.5,528,0.017045454545454544,186.98000000000093,baseline_0-5
17,79,Thalamus,VPL,11,0.05882982137126936,23,2.090909090909091,571,0.040280210157618214,186.98000000000093,baseline_0-5
18,89,Thalamus,VPL,7,0.03743715905444414,12,1.7142857142857142,541,0.022181146025878003,186.98000000000093,baseline_0-5
19,90,Thalamus,VPL,6,0.03208899347523783,12,2.0,1216,0.009868421052631578,186.98000000000093,baseline_0-5
20,91,Thalamus,VPL,9,0.048133490212856754,19,2.111111111111111,600,0.03166666666666667,186.98000000000093,baseline_0-5
21,93,Thalamus,VPL,56,0.29949727243555313,147,2.625,1712,0.08586448598130841,186.98000000000093,baseline_0-5
22,97,Thalamus,VPM,13,0.06952615252968197,24,1.8461538461538463,1658,0.014475271411338963,186.98000000000093,baseline_0-5
23,102,Thalamus,VPM,30,0.16044496737618916,57,1.9,637,0.08948194662480377,186.98000000000093,baseline_0-5
24,118,Other,CA3,1,0.0053481655792063055,3,3.0,74,0.04054054054054054,186.98000000000093,baseline_0-5
25,128,STR,LSr,1,0.0053481655792063055,3,3.0,641,0.0046801872074883,186.98000000000093,baseline_0-5
26,131,STR,STR,0,0.0,0,0.0,335,0.0,186.98000000000093,baseline_0-5
27,132,STR,STR,0,0.0,0,0.0,766,0.0,186.98000000000093,baseline_0-5
28,135,Motor,MOs6a,117,0.6257353727671378,432,3.6923076923076925,1321,0.3270249810749432,186.98000000000093,baseline_0-5
29,137,Motor,MOs6a,17,0.0909188148465072,54,3.176470588235294,571,0.09457092819614711,186.98000000000093,baseline_0-5
30,139,Motor,MOs6a,29,0.15509680179698287,106,3.6551724137931036,1088,0.0974264705882353,186.98000000000093,baseline_0-5
31,140,Motor,MOs6a,20,0.10696331158412611,67,3.35,608,0.11019736842105263,186.98000000000093,baseline_0-5
32,141,Motor,MOs6a,16,0.08557064926730089,54,3.375,610,0.08852459016393442,186.98000000000093,baseline_0-5
33,147,Motor,MOs6a,12,0.06417798695047566,40,3.3333333333333335,425,0.09411764705882353,186.98000000000093,baseline_0-5
34,149,Motor,MOs6a,3,0.016044496737618916,9,3.0,288,0.03125,186.98000000000093,baseline_0-5
35,150,Motor,MOs6a,14,0.07487431810888828,44,3.142857142857143,360,0.12222222222222222,186.98000000000093,baseline_0-5
36,152,Motor,MOs6a,18,0.09626698042571351,59,3.2777777777777777,310,0.19032258064516128,186.98000000000093,baseline_0-5
37,157,STR,LSr,0,0.0,0,0.0,208,0.0,186.98000000000093,baseline_0-5
38,3,Other,AMd,15,0.08599931200550437,51,3.4,797,0.06398996235884567,174.41999999999916,baseline_5-10
39,6,Other,AMd,5,0.028666437335168122,17,3.4,1430,0.011888111888111888,174.41999999999916,baseline_5-10
40,8,Other,AMd,36,0.20639834881321048,139,3.861111111111111,226,0.6150442477876106,174.41999999999916,baseline_5-10
41,9,Other,AMd,9,0.05159958720330262,30,3.3333333333333335,1548,0.01937984496124031,174.41999999999916,baseline_5-10
42,10,Other,AMd,17,0.09746588693957162,60,3.5294117647058822,297,0.20202020202020202,174.41999999999916,baseline_5-10
43,13,Thalamus,IAD,31,0.17773191147804235,71,2.2903225806451615,506,0.14031620553359683,174.41999999999916,baseline_5-10
44,14,Thalamus,IAD,16,0.09173259947253799,35,2.1875,1036,0.033783783783783786,174.41999999999916,baseline_5-10
45,16,Thalamus,IAD,34,0.19493177387914323,79,2.323529411764706,568,0.13908450704225353,174.41999999999916,baseline_5-10
46,18,Thalamus,IAD,38,0.21786492374727773,114,3.0,416,0.27403846153846156,174.41999999999916,baseline_5-10
47,40,Thalamus,PO,18,0.10319917440660524,34,1.8888888888888888,677,0.050221565731166914,174.41999999999916,baseline_5-10
48,43,Thalamus,PO,42,0.24079807361541222,84,2.0,872,0.0963302752293578,174.41999999999916,baseline_5-10
49,46,Thalamus,PO,41,0.2350647861483786,90,2.1951219512195124,1187,0.07582139848357203,174.41999999999916,baseline_5-10
50,48,Thalamus,PO,34,0.19493177387914323,69,2.0294117647058822,725,0.09517241379310344,174.41999999999916,baseline_5-10
51,65,Other,VISp5,1,0.0057332874670336246,3,3.0,486,0.006172839506172839,174.41999999999916,baseline_5-10
52,66,Other,VISp5,13,0.07453273707143712,41,3.1538461538461537,3415,0.012005856515373352,174.41999999999916,baseline_5-10
53,69,Thalamus,VPL,19,0.10893246187363886,44,2.3157894736842106,317,0.138801261829653,174.41999999999916,baseline_5-10
54,77,Thalamus,VPL,6,0.03439972480220175,17,2.8333333333333335,484,0.03512396694214876,174.41999999999916,baseline_5-10
55,79,Thalamus,VPL,31,0.17773191147804235,74,2.3870967741935485,706,0.1048158640226629,174.41999999999916,baseline_5-10
56,89,Thalamus,VPL,10,0.057332874670336244,18,1.8,450,0.04,174.41999999999916,baseline_5-10
57,90,Thalamus,VPL,12,0.0687994496044035,28,2.3333333333333335,1356,0.02064896755162242,174.41999999999916,baseline_5-10
58,91,Thalamus,VPL,15,0.08599931200550437,34,2.2666666666666666,477,0.07127882599580712,174.41999999999916,baseline_5-10
59,93,Thalamus,VPL,72,0.41279669762642096,196,2.7222222222222223,1607,0.12196639701306783,174.41999999999916,baseline_5-10
60,97,Thalamus,VPM,12,0.0687994496044035,23,1.9166666666666667,1648,0.013956310679611651,174.41999999999916,baseline_5-10
61,102,Thalamus,VPM,25,0.1433321866758406,61,2.44,860,0.07093023255813953,174.41999999999916,baseline_5-10
62,118,Other,CA3,0,0.0,0,0.0,3,0.0,174.41999999999916,baseline_5-10
63,128,STR,LSr,6,0.03439972480220175,22,3.6666666666666665,682,0.03225806451612903,174.41999999999916,baseline_5-10
64,131,STR,STR,0,0.0,0,0.0,289,0.0,174.41999999999916,baseline_5-10
65,132,STR,STR,0,0.0,0,0.0,640,0.0,174.41999999999916,baseline_5-10
66,135,Motor,MOs6a,110,0.6306616213736987,412,3.7454545454545456,1242,0.33172302737520126,174.41999999999916,baseline_5-10
67,137,Motor,MOs6a,19,0.10893246187363886,65,3.4210526315789473,523,0.124282982791587,174.41999999999916,baseline_5-10
68,139,Motor,MOs6a,33,0.18919848641210962,112,3.393939393939394,912,0.12280701754385964,174.41999999999916,baseline_5-10
69,140,Motor,MOs6a,14,0.08026602453847075,45,3.2142857142857144,537,0.08379888268156424,174.41999999999916,baseline_5-10
70,141,Motor,MOs6a,13,0.07453273707143712,47,3.6153846153846154,571,0.08231173380035026,174.41999999999916,baseline_5-10
71,147,Motor,MOs6a,10,0.057332874670336244,32,3.2,436,0.07339449541284404,174.41999999999916,baseline_5-10
72,149,Motor,MOs6a,6,0.03439972480220175,21,3.5,284,0.07394366197183098,174.41999999999916,baseline_5-10
73,150,Motor,MOs6a,16,0.09173259947253799,49,3.0625,333,0.14714714714714713,174.41999999999916,baseline_5-10
74,152,Motor,MOs6a,21,0.12039903680770611,70,3.3333333333333335,297,0.2356902356902357,174.41999999999916,baseline_5-10
75,157,STR,LSr,1,0.0057332874670336246,3,3.0,229,0.013100436681222707,174.41999999999916,baseline_5-10
76,3,Other,AMd,6,0.037660055234747636,28,4.666666666666667,1274,0.02197802197802198,159.32000000000016,effect_0-5
77,6,Other,AMd,4,0.02510670348983176,14,3.5,1357,0.010316875460574797,159.32000000000016,effect_0-5
78,8,Other,AMd,9,0.05649008285212146,35,3.888888888888889,223,0.15695067264573992,159.32000000000016,effect_0-5
79,9,Other,AMd,4,0.02510670348983176,12,3.0,2057,0.00583373845405931,159.32000000000016,effect_0-5
80,10,Other,AMd,5,0.0313833793622897,20,4.0,414,0.04830917874396135,159.32000000000016,effect_0-5
81,13,Thalamus,IAD,8,0.05021340697966352,14,1.75,592,0.02364864864864865,159.32000000000016,effect_0-5
82,14,Thalamus,IAD,8,0.05021340697966352,14,1.75,1210,0.011570247933884297,159.32000000000016,effect_0-5
83,16,Thalamus,IAD,14,0.08787346221441115,26,1.8571428571428572,830,0.03132530120481928,159.32000000000016,effect_0-5
84,18,Thalamus,IAD,12,0.07532011046949527,26,2.1666666666666665,515,0.05048543689320388,159.32000000000016,effect_0-5
85,40,Thalamus,PO,12,0.07532011046949527,20,1.6666666666666667,990,0.020202020202020204,159.32000000000016,effect_0-5
86,43,Thalamus,PO,26,0.16319357268390644,51,1.9615384615384615,1091,0.04674610449129239,159.32000000000016,effect_0-5
87,46,Thalamus,PO,20,0.1255335174491588,40,2.0,859,0.046565774155995346,159.32000000000016,effect_0-5
88,48,Thalamus,PO,12,0.07532011046949527,23,1.9166666666666667,846,0.027186761229314422,159.32000000000016,effect_0-5
89,65,Other,VISp5,0,0.0,0,0.0,902,0.0,159.32000000000016,effect_0-5
90,66,Other,VISp5,5,0.0313833793622897,17,3.4,3172,0.005359394703656999,159.32000000000016,effect_0-5
91,69,Thalamus,VPL,11,0.06904343459703734,24,2.1818181818181817,557,0.04308797127468582,159.32000000000016,effect_0-5
92,77,Thalamus,VPL,3,0.018830027617373818,3,1.0,831,0.0036101083032490976,159.32000000000016,effect_0-5
93,79,Thalamus,VPL,12,0.07532011046949527,24,2.0,1121,0.021409455842997322,159.32000000000016,effect_0-5
94,89,Thalamus,VPL,14,0.08787346221441115,27,1.9285714285714286,528,0.05113636363636364,159.32000000000016,effect_0-5
95,90,Thalamus,VPL,9,0.05649008285212146,15,1.6666666666666667,1914,0.007836990595611285,159.32000000000016,effect_0-5
96,91,Thalamus,VPL,8,0.05021340697966352,14,1.75,648,0.021604938271604937,159.32000000000016,effect_0-5
97,93,Thalamus,VPL,19,0.11925684157670086,51,2.6842105263157894,2052,0.024853801169590642,159.32000000000016,effect_0-5
98,97,Thalamus,VPM,9,0.05649008285212146,17,1.8888888888888888,2063,0.008240426563257392,159.32000000000016,effect_0-5
99,102,Thalamus,VPM,14,0.08787346221441115,27,1.9285714285714286,1544,0.017487046632124352,159.32000000000016,effect_0-5
100,118,Other,CA3,0,0.0,0,0.0,5,0.0,159.32000000000016,effect_0-5
101,128,STR,LSr,1,0.00627667587245794,4,4.0,514,0.007782101167315175,159.32000000000016,effect_0-5
102,131,STR,STR,0,0.0,0,0.0,663,0.0,159.32000000000016,effect_0-5
103,132,STR,STR,0,0.0,0,0.0,184,0.0,159.32000000000016,effect_0-5
104,135,Motor,MOs6a,110,0.6904343459703733,445,4.045454545454546,1463,0.3041695146958305,159.32000000000016,effect_0-5
105,137,Motor,MOs6a,16,0.10042681395932704,54,3.375,611,0.088379705400982,159.32000000000016,effect_0-5
106,139,Motor,MOs6a,35,0.2196836555360279,144,4.114285714285714,1279,0.1125879593432369,159.32000000000016,effect_0-5
107,140,Motor,MOs6a,8,0.05021340697966352,29,3.625,505,0.05742574257425743,159.32000000000016,effect_0-5
108,141,Motor,MOs6a,13,0.08159678634195322,50,3.8461538461538463,547,0.09140767824497258,159.32000000000016,effect_0-5
109,147,Motor,MOs6a,14,0.08787346221441115,48,3.4285714285714284,420,0.11428571428571428,159.32000000000016,effect_0-5
110,149,Motor,MOs6a,8,0.05021340697966352,27,3.375,322,0.08385093167701864,159.32000000000016,effect_0-5
111,150,Motor,MOs6a,23,0.14436354506653262,79,3.4347826086956523,1076,0.07342007434944238,159.32000000000016,effect_0-5
112,152,Motor,MOs6a,15,0.0941501380868691,59,3.933333333333333,378,0.15608465608465608,159.32000000000016,effect_0-5
113,157,STR,LSr,0,0.0,0,0.0,301,0.0,159.32000000000016,effect_0-5
114,3,Other,AMd,5,0.03087753967763791,15,3.0,1277,0.011746280344557557,161.93000000000302,effect_5-10
115,6,Other,AMd,4,0.024702031742110327,15,3.75,1184,0.01266891891891892,161.93000000000302,effect_5-10
116,8,Other,AMd,12,0.07410609522633098,44,3.6666666666666665,358,0.12290502793296089,161.93000000000302,effect_5-10
117,9,Other,AMd,3,0.018526523806582745,12,4.0,1748,0.006864988558352402,161.93000000000302,effect_5-10
118,10,Other,AMd,5,0.03087753967763791,18,3.6,395,0.04556962025316456,161.93000000000302,effect_5-10
119,13,Thalamus,IAD,11,0.0679305872908034,19,1.7272727272727273,500,0.038,161.93000000000302,effect_5-10
120,14,Thalamus,IAD,5,0.03087753967763791,8,1.6,896,0.008928571428571428,161.93000000000302,effect_5-10
121,16,Thalamus,IAD,11,0.0679305872908034,21,1.9090909090909092,862,0.024361948955916472,161.93000000000302,effect_5-10
122,18,Thalamus,IAD,13,0.08028160316185856,28,2.1538461538461537,438,0.0639269406392694,161.93000000000302,effect_5-10
123,40,Thalamus,PO,12,0.07410609522633098,23,1.9166666666666667,1138,0.020210896309314587,161.93000000000302,effect_5-10
124,43,Thalamus,PO,22,0.1358611745816068,41,1.8636363636363635,1297,0.03161141094834233,161.93000000000302,effect_5-10
125,46,Thalamus,PO,21,0.12968566664607922,42,2.0,931,0.045112781954887216,161.93000000000302,effect_5-10
126,48,Thalamus,PO,16,0.09880812696844131,33,2.0625,884,0.03733031674208145,161.93000000000302,effect_5-10
127,65,Other,VISp5,0,0.0,0,0.0,903,0.0,161.93000000000302,effect_5-10
128,66,Other,VISp5,4,0.024702031742110327,13,3.25,3330,0.003903903903903904,161.93000000000302,effect_5-10
129,69,Thalamus,VPL,12,0.07410609522633098,26,2.1666666666666665,357,0.07282913165266107,161.93000000000302,effect_5-10
130,77,Thalamus,VPL,8,0.049404063484220655,13,1.625,832,0.015625,161.93000000000302,effect_5-10
131,79,Thalamus,VPL,14,0.08645711109738614,33,2.357142857142857,1062,0.031073446327683617,161.93000000000302,effect_5-10
132,89,Thalamus,VPL,13,0.08028160316185856,24,1.8461538461538463,604,0.039735099337748346,161.93000000000302,effect_5-10
133,90,Thalamus,VPL,9,0.05557957141974824,17,1.8888888888888888,2261,0.007518796992481203,161.93000000000302,effect_5-10
134,91,Thalamus,VPL,9,0.05557957141974824,15,1.6666666666666667,972,0.015432098765432098,161.93000000000302,effect_5-10
135,93,Thalamus,VPL,34,0.20996726980793778,103,3.0294117647058822,2147,0.047973917093619006,161.93000000000302,effect_5-10
136,97,Thalamus,VPM,11,0.0679305872908034,22,2.0,1758,0.012514220705346985,161.93000000000302,effect_5-10
137,102,Thalamus,VPM,14,0.08645711109738614,24,1.7142857142857142,1489,0.016118200134318333,161.93000000000302,effect_5-10
138,118,Other,CA3,0,0.0,0,0.0,2,0.0,161.93000000000302,effect_5-10
139,128,STR,LSr,2,0.012351015871055164,6,3.0,498,0.012048192771084338,161.93000000000302,effect_5-10
140,131,STR,STR,0,0.0,0,0.0,711,0.0,161.93000000000302,effect_5-10
141,132,STR,STR,0,0.0,0,0.0,202,0.0,161.93000000000302,effect_5-10
142,135,Motor,MOs6a,106,0.6546038411659237,430,4.056603773584905,1459,0.29472241261137766,161.93000000000302,effect_5-10
143,137,Motor,MOs6a,21,0.12968566664607922,69,3.2857142857142856,642,0.10747663551401869,161.93000000000302,effect_5-10
144,139,Motor,MOs6a,46,0.2840733650342688,179,3.891304347826087,1173,0.1526001705029838,161.93000000000302,effect_5-10
145,140,Motor,MOs6a,13,0.08028160316185856,42,3.230769230769231,518,0.08108108108108109,161.93000000000302,effect_5-10
146,141,Motor,MOs6a,8,0.049404063484220655,28,3.5,504,0.05555555555555555,161.93000000000302,effect_5-10
147,147,Motor,MOs6a,10,0.06175507935527582,32,3.2,408,0.0784313725490196,161.93000000000302,effect_5-10
148,149,Motor,MOs6a,10,0.06175507935527582,33,3.3,342,0.09649122807017543,161.93000000000302,effect_5-10
149,150,Motor,MOs6a,29,0.17908973013029988,93,3.206896551724138,792,0.11742424242424243,161.93000000000302,effect_5-10
150,152,Motor,MOs6a,19,0.11733465077502406,66,3.473684210526316,390,0.16923076923076924,161.93000000000302,effect_5-10
151,157,STR,LSr,0,0.0,0,0.0,304,0.0,161.93000000000302,effect_5-10
152,3,Other,AMd,13,0.07110041566397003,43,3.3076923076923075,1210,0.03553719008264463,182.83999999999605,effect_10-15
153,6,Other,AMd,7,0.038284839203676174,24,3.4285714285714284,1452,0.01652892561983471,182.83999999999605,effect_10-15
154,8,Other,AMd,38,0.20783198424852778,141,3.710526315789474,397,0.35516372795969775,182.83999999999605,effect_10-15
155,9,Other,AMd,20,0.1093852548676462,65,3.25,1745,0.03724928366762178,182.83999999999605,effect_10-15
156,10,Other,AMd,28,0.1531393568147047,103,3.6785714285714284,503,0.2047713717693837,182.83999999999605,effect_10-15
157,13,Thalamus,IAD,22,0.12032378035441083,45,2.0454545454545454,639,0.07042253521126761,182.83999999999605,effect_10-15
158,14,Thalamus,IAD,23,0.12579304309779313,46,2.0,929,0.04951560818083961,182.83999999999605,effect_10-15
159,16,Thalamus,IAD,26,0.14220083132794006,54,2.076923076923077,744,0.07258064516129033,182.83999999999605,effect_10-15
160,18,Thalamus,IAD,34,0.18595493327499854,76,2.235294117647059,539,0.14100185528756956,182.83999999999605,effect_10-15
161,40,Thalamus,PO,25,0.13673156858455776,54,2.16,983,0.054933875890132246,182.83999999999605,effect_10-15
162,43,Thalamus,PO,46,0.25158608619558626,93,2.0217391304347827,1371,0.06783369803063458,182.83999999999605,effect_10-15
163,46,Thalamus,PO,42,0.22970903522205702,90,2.142857142857143,926,0.09719222462203024,182.83999999999605,effect_10-15
164,48,Thalamus,PO,41,0.22423977247867471,93,2.268292682926829,955,0.09738219895287958,182.83999999999605,effect_10-15
165,65,Other,VISp5,2,0.010938525486764621,6,3.0,1108,0.005415162454873646,182.83999999999605,effect_10-15
166,66,Other,VISp5,18,0.09844672938088159,60,3.3333333333333335,3582,0.01675041876046901,182.83999999999605,effect_10-15
167,69,Thalamus,VPL,42,0.22970903522205702,123,2.9285714285714284,618,0.19902912621359223,182.83999999999605,effect_10-15
168,77,Thalamus,VPL,18,0.09844672938088159,50,2.7777777777777777,905,0.055248618784530384,182.83999999999605,effect_10-15
169,79,Thalamus,VPL,57,0.31174797637279167,180,3.1578947368421053,1306,0.13782542113323124,182.83999999999605,effect_10-15
170,89,Thalamus,VPL,12,0.06563115292058772,22,1.8333333333333333,657,0.0334855403348554,182.83999999999605,effect_10-15
171,90,Thalamus,VPL,21,0.11485451761102851,58,2.761904761904762,1788,0.03243847874720358,182.83999999999605,effect_10-15
172,91,Thalamus,VPL,17,0.09297746663749927,46,2.7058823529411766,507,0.09072978303747535,182.83999999999605,effect_10-15
173,93,Thalamus,VPL,76,0.41566396849705556,239,3.1447368421052633,1965,0.12162849872773537,182.83999999999605,effect_10-15
174,97,Thalamus,VPM,22,0.12032378035441083,53,2.409090909090909,1504,0.03523936170212766,182.83999999999605,effect_10-15
175,102,Thalamus,VPM,27,0.14767009407132237,61,2.259259259259259,1168,0.052226027397260275,182.83999999999605,effect_10-15
176,118,Other,CA3,0,0.0,0,0.0,3,0.0,182.83999999999605,effect_10-15
177,128,STR,LSr,4,0.021877050973529242,15,3.75,690,0.021739130434782608,182.83999999999605,effect_10-15
178,131,STR,STR,0,0.0,0,0.0,589,0.0,182.83999999999605,effect_10-15
179,132,STR,STR,0,0.0,0,0.0,122,0.0,182.83999999999605,effect_10-15
180,135,Motor,MOs6a,138,0.7547582585867588,576,4.173913043478261,1851,0.31118314424635335,182.83999999999605,effect_10-15
181,137,Motor,MOs6a,23,0.12579304309779313,78,3.391304347826087,766,0.10182767624020887,182.83999999999605,effect_10-15
182,139,Motor,MOs6a,63,0.34456355283308554,245,3.888888888888889,1419,0.1726568005637773,182.83999999999605,effect_10-15
183,140,Motor,MOs6a,16,0.08750820389411697,55,3.4375,591,0.09306260575296109,182.83999999999605,effect_10-15
184,141,Motor,MOs6a,21,0.11485451761102851,69,3.2857142857142856,670,0.10298507462686567,182.83999999999605,effect_10-15
185,147,Motor,MOs6a,14,0.07656967840735235,51,3.642857142857143,553,0.0922242314647378,182.83999999999605,effect_10-15
186,149,Motor,MOs6a,8,0.043754101947058484,28,3.5,461,0.06073752711496746,182.83999999999605,effect_10-15
187,150,Motor,MOs6a,33,0.18048567053161624,107,3.242424242424242,1256,0.08519108280254777,182.83999999999605,effect_10-15
188,152,Motor,MOs6a,22,0.12032378035441083,75,3.409090909090909,539,0.1391465677179963,182.83999999999605,effect_10-15
189,157,STR,LSr,0,0.0,0,0.0,363,0.0,182.83999999999605,effect_10-15
190,3,Other,AMd,25,0.16616816218012648,79,3.16,1079,0.0732159406858202,150.44999999999982,effect_15-20
191,6,Other,AMd,11,0.07311399135925566,36,3.272727272727273,1362,0.02643171806167401,150.44999999999982,effect_15-20
192,8,Other,AMd,47,0.3123961448986378,161,3.425531914893617,397,0.40554156171284633,150.44999999999982,effect_15-20
193,9,Other,AMd,21,0.13958125623130624,66,3.142857142857143,1426,0.04628330995792426,150.44999999999982,effect_15-20
194,10,Other,AMd,30,0.1994017946161518,111,3.7,472,0.23516949152542374,150.44999999999982,effect_15-20
195,13,Thalamus,IAD,23,0.15287470920571636,50,2.1739130434782608,481,0.10395010395010396,150.44999999999982,effect_15-20
196,14,Thalamus,IAD,16,0.10634762379528095,33,2.0625,713,0.04628330995792426,150.44999999999982,effect_15-20
197,16,Thalamus,IAD,41,0.27251578597540743,97,2.3658536585365852,548,0.177007299270073,150.44999999999982,effect_15-20
198,18,Thalamus,IAD,29,0.19275506812894672,69,2.3793103448275863,395,0.17468354430379746,150.44999999999982,effect_15-20
199,40,Thalamus,PO,25,0.16616816218012648,50,2.0,937,0.05336179295624333,150.44999999999982,effect_15-20
200,43,Thalamus,PO,36,0.23928215353938215,71,1.9722222222222223,1162,0.06110154905335628,150.44999999999982,effect_15-20
201,46,Thalamus,PO,32,0.2126952475905619,68,2.125,751,0.09054593874833555,150.44999999999982,effect_15-20
202,48,Thalamus,PO,34,0.22598870056497203,87,2.5588235294117645,781,0.11139564660691421,150.44999999999982,effect_15-20
203,65,Other,VISp5,0,0.0,0,0.0,882,0.0,150.44999999999982,effect_15-20
204,66,Other,VISp5,16,0.10634762379528095,53,3.3125,2839,0.018668545262416344,150.44999999999982,effect_15-20
205,69,Thalamus,VPL,66,0.4386839481555339,188,2.8484848484848486,650,0.28923076923076924,150.44999999999982,effect_15-20
206,77,Thalamus,VPL,28,0.18610834164174167,92,3.2857142857142856,713,0.12903225806451613,150.44999999999982,effect_15-20
207,79,Thalamus,VPL,70,0.46527085410435415,263,3.757142857142857,1104,0.23822463768115942,150.44999999999982,effect_15-20
208,89,Thalamus,VPL,6,0.03988035892323036,9,1.5,441,0.02040816326530612,150.44999999999982,effect_15-20
209,90,Thalamus,VPL,31,0.20604852110335684,85,2.7419354838709675,1250,0.068,150.44999999999982,effect_15-20
210,91,Thalamus,VPL,39,0.25922233300099734,106,2.717948717948718,505,0.2099009900990099,150.44999999999982,effect_15-20
211,93,Thalamus,VPL,89,0.5915586573612504,308,3.460674157303371,1737,0.17731721358664365,150.44999999999982,effect_15-20
212,97,Thalamus,VPM,41,0.27251578597540743,113,2.7560975609756095,1341,0.0842654735272185,150.44999999999982,effect_15-20
213,102,Thalamus,VPM,35,0.23263542705217707,71,2.0285714285714285,929,0.07642626480086114,150.44999999999982,effect_15-20
214,118,Other,CA3,0,0.0,0,0.0,1,0.0,150.44999999999982,effect_15-20
215,128,STR,LSr,3,0.01994017946161518,9,3.0,684,0.013157894736842105,150.44999999999982,effect_15-20
216,131,STR,STR,0,0.0,0,0.0,523,0.0,150.44999999999982,effect_15-20
217,132,STR,STR,0,0.0,0,0.0,105,0.0,150.44999999999982,effect_15-20
218,135,Motor,MOs6a,117,0.777666999002992,461,3.9401709401709404,1520,0.30328947368421055,150.44999999999982,effect_15-20
219,137,Motor,MOs6a,22,0.1462279827185113,72,3.272727272727273,663,0.1085972850678733,150.44999999999982,effect_15-20
220,139,Motor,MOs6a,59,0.39215686274509853,223,3.7796610169491527,1118,0.19946332737030412,150.44999999999982,effect_15-20
221,140,Motor,MOs6a,21,0.13958125623130624,66,3.142857142857143,474,0.13924050632911392,150.44999999999982,effect_15-20
222,141,Motor,MOs6a,10,0.0664672648720506,33,3.3,553,0.059674502712477394,150.44999999999982,effect_15-20
223,147,Motor,MOs6a,16,0.10634762379528095,56,3.5,473,0.11839323467230443,150.44999999999982,effect_15-20
224,149,Motor,MOs6a,10,0.0664672648720506,32,3.2,386,0.08290155440414508,150.44999999999982,effect_15-20
225,150,Motor,MOs6a,32,0.2126952475905619,110,3.4375,945,0.1164021164021164,150.44999999999982,effect_15-20
226,152,Motor,MOs6a,26,0.17281488866733155,96,3.6923076923076925,495,0.19393939393939394,150.44999999999982,effect_15-20
227,157,STR,LSr,0,0.0,0,0.0,273,0.0,150.44999999999982,effect_15-20
228,3,Other,AMd,2,0.012809837955550078,7,3.5,1116,0.0062724014336917565,156.12999999999738,effect_20-25
229,6,Other,AMd,3,0.019214756933325115,13,4.333333333333333,965,0.013471502590673576,156.12999999999738,effect_20-25
230,8,Other,AMd,9,0.05764427079997535,30,3.3333333333333335,375,0.08,156.12999999999738,effect_20-25
231,9,Other,AMd,9,0.05764427079997535,30,3.3333333333333335,1761,0.017035775127768313,156.12999999999738,effect_20-25
232,10,Other,AMd,7,0.04483443284442527,28,4.0,455,0.06153846153846154,156.12999999999738,effect_20-25
233,13,Thalamus,IAD,6,0.03842951386665023,14,2.3333333333333335,356,0.03932584269662921,156.12999999999738,effect_20-25
234,14,Thalamus,IAD,14,0.08966886568885055,22,1.5714285714285714,1053,0.020892687559354226,156.12999999999738,effect_20-25
235,16,Thalamus,IAD,17,0.10888362262217566,30,1.7647058823529411,548,0.05474452554744526,156.12999999999738,effect_20-25
236,18,Thalamus,IAD,13,0.0832639467110755,29,2.230769230769231,507,0.05719921104536489,156.12999999999738,effect_20-25
237,40,Thalamus,PO,19,0.12169346057772573,36,1.894736842105263,1136,0.03169014084507042,156.12999999999738,effect_20-25
238,43,Thalamus,PO,42,0.2690065970665516,74,1.7619047619047619,1515,0.04884488448844884,156.12999999999738,effect_20-25
239,46,Thalamus,PO,17,0.10888362262217566,32,1.8823529411764706,781,0.040973111395646605,156.12999999999738,effect_20-25
240,48,Thalamus,PO,20,0.12809837955550077,40,2.0,850,0.047058823529411764,156.12999999999738,effect_20-25
241,65,Other,VISp5,4,0.025619675911100155,16,4.0,989,0.016177957532861477,156.12999999999738,effect_20-25
242,66,Other,VISp5,18,0.1152885415999507,60,3.3333333333333335,3015,0.01990049751243781,156.12999999999738,effect_20-25
243,69,Thalamus,VPL,22,0.14090821751105084,46,2.090909090909091,629,0.07313195548489666,156.12999999999738,effect_20-25
244,77,Thalamus,VPL,6,0.03842951386665023,10,1.6666666666666667,793,0.012610340479192938,156.12999999999738,effect_20-25
245,79,Thalamus,VPL,20,0.12809837955550077,43,2.15,1265,0.03399209486166008,156.12999999999738,effect_20-25
246,89,Thalamus,VPL,6,0.03842951386665023,10,1.6666666666666667,405,0.024691358024691357,156.12999999999738,effect_20-25
247,90,Thalamus,VPL,5,0.03202459488887519,7,1.4,2119,0.0033034450212364322,156.12999999999738,effect_20-25
248,91,Thalamus,VPL,7,0.04483443284442527,11,1.5714285714285714,484,0.022727272727272728,156.12999999999738,effect_20-25
249,93,Thalamus,VPL,46,0.29462627297765176,123,2.6739130434782608,1818,0.06765676567656766,156.12999999999738,effect_20-25
250,97,Thalamus,VPM,18,0.1152885415999507,34,1.8888888888888888,1264,0.02689873417721519,156.12999999999738,effect_20-25
251,102,Thalamus,VPM,20,0.12809837955550077,40,2.0,1539,0.02599090318388564,156.12999999999738,effect_20-25
252,118,Other,CA3,0,0.0,0,0.0,1,0.0,156.12999999999738,effect_20-25
253,128,STR,LSr,1,0.006404918977775039,3,3.0,577,0.005199306759098787,156.12999999999738,effect_20-25
254,131,STR,STR,0,0.0,0,0.0,685,0.0,156.12999999999738,effect_20-25
255,132,STR,STR,0,0.0,0,0.0,198,0.0,156.12999999999738,effect_20-25
256,135,Motor,MOs6a,92,0.5892525459553035,355,3.858695652173913,1513,0.23463317911434237,156.12999999999738,effect_20-25
257,137,Motor,MOs6a,17,0.10888362262217566,53,3.1176470588235294,591,0.08967851099830795,156.12999999999738,effect_20-25
258,139,Motor,MOs6a,63,0.4035098955998274,252,4.0,1212,0.2079207920792079,156.12999999999738,effect_20-25
259,140,Motor,MOs6a,18,0.1152885415999507,64,3.5555555555555554,529,0.12098298676748583,156.12999999999738,effect_20-25
260,141,Motor,MOs6a,12,0.07685902773330046,37,3.0833333333333335,513,0.07212475633528265,156.12999999999738,effect_20-25
261,147,Motor,MOs6a,13,0.0832639467110755,44,3.3846153846153846,428,0.102803738317757,156.12999999999738,effect_20-25
262,149,Motor,MOs6a,10,0.06404918977775038,33,3.3,397,0.08312342569269521,156.12999999999738,effect_20-25
263,150,Motor,MOs6a,46,0.29462627297765176,158,3.4347826086956523,1232,0.12824675324675325,156.12999999999738,effect_20-25
264,152,Motor,MOs6a,31,0.1985524883110262,112,3.6129032258064515,454,0.24669603524229075,156.12999999999738,effect_20-25
265,157,STR,LSr,1,0.006404918977775039,3,3.0,274,0.010948905109489052,156.12999999999738,effect_20-25
266,3,Other,AMd,15,0.09975394028063875,53,3.533333333333333,1073,0.049394221808014914,150.37000000000353,effect_25-30
267,6,Other,AMd,8,0.05320210148300733,27,3.375,1183,0.02282333051563821,150.37000000000353,effect_25-30
268,8,Other,AMd,25,0.1662565671343979,91,3.64,535,0.17009345794392525,150.37000000000353,effect_25-30
269,9,Other,AMd,12,0.079803152224511,45,3.75,1609,0.027967681789931635,150.37000000000353,effect_25-30
270,10,Other,AMd,21,0.13965551639289425,73,3.4761904761904763,480,0.15208333333333332,150.37000000000353,effect_25-30
271,13,Thalamus,IAD,14,0.09310367759526283,26,1.8571428571428572,481,0.05405405405405406,150.37000000000353,effect_25-30
272,14,Thalamus,IAD,6,0.0399015761122555,11,1.8333333333333333,844,0.013033175355450236,150.37000000000353,effect_25-30
273,16,Thalamus,IAD,28,0.18620735519052567,74,2.642857142857143,580,0.12758620689655173,150.37000000000353,effect_25-30
274,18,Thalamus,IAD,25,0.1662565671343979,53,2.12,470,0.1127659574468085,150.37000000000353,effect_25-30
275,40,Thalamus,PO,22,0.14630577907827017,46,2.090909090909091,1056,0.043560606060606064,150.37000000000353,effect_25-30
276,43,Thalamus,PO,49,0.3258628715834199,102,2.0816326530612246,1397,0.07301360057265568,150.37000000000353,effect_25-30
277,46,Thalamus,PO,31,0.2061581432466534,70,2.2580645161290325,703,0.09957325746799431,150.37000000000353,effect_25-30
278,48,Thalamus,PO,21,0.13965551639289425,44,2.0952380952380953,718,0.06128133704735376,150.37000000000353,effect_25-30
279,65,Other,VISp5,0,0.0,0,0.0,899,0.0,150.37000000000353,effect_25-30
280,66,Other,VISp5,17,0.11305446565139057,54,3.176470588235294,2603,0.020745293891663467,150.37000000000353,effect_25-30
281,69,Thalamus,VPL,38,0.2527099820442848,95,2.5,585,0.1623931623931624,150.37000000000353,effect_25-30
282,77,Thalamus,VPL,5,0.033251313426879585,7,1.4,562,0.012455516014234875,150.37000000000353,effect_25-30
283,79,Thalamus,VPL,39,0.25936024472966074,100,2.5641025641025643,810,0.12345679012345678,150.37000000000353,effect_25-30
284,89,Thalamus,VPL,5,0.033251313426879585,8,1.6,406,0.019704433497536946,150.37000000000353,effect_25-30
285,90,Thalamus,VPL,10,0.06650262685375917,17,1.7,1353,0.012564671101256468,150.37000000000353,effect_25-30
286,91,Thalamus,VPL,12,0.079803152224511,27,2.25,525,0.05142857142857143,150.37000000000353,effect_25-30
287,93,Thalamus,VPL,66,0.43891733723481047,185,2.803030303030303,1458,0.12688614540466392,150.37000000000353,effect_25-30
288,97,Thalamus,VPM,18,0.1197047283367665,33,1.8333333333333333,1174,0.028109028960817718,150.37000000000353,effect_25-30
289,102,Thalamus,VPM,28,0.18620735519052567,48,1.7142857142857142,886,0.05417607223476298,150.37000000000353,effect_25-30
290,118,Other,CA3,0,0.0,0,0.0,0,0.0,150.37000000000353,effect_25-30
291,128,STR,LSr,2,0.013300525370751833,6,3.0,627,0.009569377990430622,150.37000000000353,effect_25-30
292,131,STR,STR,0,0.0,0,0.0,580,0.0,150.37000000000353,effect_25-30
293,132,STR,STR,1,0.006650262685375916,3,3.0,302,0.009933774834437087,150.37000000000353,effect_25-30
294,135,Motor,MOs6a,113,0.7514796834474785,432,3.8230088495575223,1574,0.2744599745870394,150.37000000000353,effect_25-30
295,137,Motor,MOs6a,19,0.1263549910221424,67,3.526315789473684,724,0.0925414364640884,150.37000000000353,effect_25-30
296,139,Motor,MOs6a,63,0.4189665491786827,261,4.142857142857143,1294,0.2017001545595054,150.37000000000353,effect_25-30
297,140,Motor,MOs6a,28,0.18620735519052567,96,3.4285714285714284,612,0.1568627450980392,150.37000000000353,effect_25-30
298,141,Motor,MOs6a,23,0.15295604176364608,81,3.5217391304347827,642,0.1261682242990654,150.37000000000353,effect_25-30
299,147,Motor,MOs6a,17,0.11305446565139057,57,3.3529411764705883,425,0.13411764705882354,150.37000000000353,effect_25-30
300,149,Motor,MOs6a,9,0.05985236416838325,27,3.0,373,0.07238605898123325,150.37000000000353,effect_25-30
301,150,Motor,MOs6a,44,0.29261155815654033,141,3.2045454545454546,913,0.15443592552026286,150.37000000000353,effect_25-30
302,152,Motor,MOs6a,20,0.13300525370751834,62,3.1,393,0.15776081424936386,150.37000000000353,effect_25-30
303,157,STR,LSr,0,0.0,0,0.0,289,0.0,150.37000000000353,effect_25-30
304,3,Other,AMd,5,0.05307797589898903,17,3.4,708,0.02401129943502825,94.20103000000108,effect_30-35
305,6,Other,AMd,4,0.04246238071919122,15,3.75,608,0.024671052631578948,94.20103000000108,effect_30-35
306,8,Other,AMd,10,0.10615595179797806,31,3.1,485,0.06391752577319587,94.20103000000108,effect_30-35
307,9,Other,AMd,4,0.04246238071919122,13,3.25,983,0.013224821973550356,94.20103000000108,effect_30-35
308,10,Other,AMd,3,0.031846785539393414,12,4.0,416,0.028846153846153848,94.20103000000108,effect_30-35
309,13,Thalamus,IAD,2,0.02123119035959561,4,2.0,285,0.014035087719298246,94.20103000000108,effect_30-35
310,14,Thalamus,IAD,7,0.07430916625858464,17,2.4285714285714284,596,0.028523489932885907,94.20103000000108,effect_30-35
311,16,Thalamus,IAD,17,0.1804651180565627,40,2.3529411764705883,458,0.08733624454148471,94.20103000000108,effect_30-35
312,18,Thalamus,IAD,7,0.07430916625858464,14,2.0,336,0.041666666666666664,94.20103000000108,effect_30-35
313,40,Thalamus,PO,6,0.06369357107878683,8,1.3333333333333333,672,0.011904761904761904,94.20103000000108,effect_30-35
314,43,Thalamus,PO,35,0.3715458312929232,67,1.9142857142857144,907,0.07386990077177508,94.20103000000108,effect_30-35
315,46,Thalamus,PO,10,0.10615595179797806,19,1.9,434,0.04377880184331797,94.20103000000108,effect_30-35
316,48,Thalamus,PO,8,0.08492476143838244,18,2.25,502,0.035856573705179286,94.20103000000108,effect_30-35
317,65,Other,VISp5,1,0.010615595179797805,4,4.0,507,0.007889546351084813,94.20103000000108,effect_30-35
318,66,Other,VISp5,6,0.06369357107878683,19,3.1666666666666665,1501,0.012658227848101266,94.20103000000108,effect_30-35
319,69,Thalamus,VPL,17,0.1804651180565627,32,1.8823529411764706,398,0.08040201005025126,94.20103000000108,effect_30-35
320,77,Thalamus,VPL,4,0.04246238071919122,9,2.25,532,0.016917293233082706,94.20103000000108,effect_30-35
321,79,Thalamus,VPL,11,0.11677154697777586,25,2.272727272727273,678,0.03687315634218289,94.20103000000108,effect_30-35
322,89,Thalamus,VPL,4,0.04246238071919122,6,1.5,236,0.025423728813559324,94.20103000000108,effect_30-35
323,90,Thalamus,VPL,3,0.031846785539393414,5,1.6666666666666667,1053,0.004748338081671415,94.20103000000108,effect_30-35
324,91,Thalamus,VPL,9,0.09554035661818025,18,2.0,307,0.05863192182410423,94.20103000000108,effect_30-35
325,93,Thalamus,VPL,28,0.29723666503433854,83,2.9642857142857144,1064,0.07800751879699248,94.20103000000108,effect_30-35
326,97,Thalamus,VPM,4,0.04246238071919122,8,2.0,788,0.01015228426395939,94.20103000000108,effect_30-35
327,102,Thalamus,VPM,6,0.06369357107878683,13,2.1666666666666665,853,0.015240328253223915,94.20103000000108,effect_30-35
328,118,Other,CA3,0,0.0,0,0.0,0,0.0,94.20103000000108,effect_30-35
329,128,STR,LSr,1,0.010615595179797805,3,3.0,273,0.01098901098901099,94.20103000000108,effect_30-35
330,131,STR,STR,0,0.0,0,0.0,424,0.0,94.20103000000108,effect_30-35
331,132,STR,STR,0,0.0,0,0.0,185,0.0,94.20103000000108,effect_30-35
332,135,Motor,MOs6a,69,0.7324760674060486,281,4.072463768115942,940,0.298936170212766,94.20103000000108,effect_30-35
333,137,Motor,MOs6a,9,0.09554035661818025,29,3.2222222222222223,427,0.06791569086651054,94.20103000000108,effect_30-35
334,139,Motor,MOs6a,43,0.45647059273130564,198,4.604651162790698,827,0.23941958887545345,94.20103000000108,effect_30-35
335,140,Motor,MOs6a,8,0.08492476143838244,28,3.5,334,0.08383233532934131,94.20103000000108,effect_30-35
336,141,Motor,MOs6a,6,0.06369357107878683,20,3.3333333333333335,366,0.0546448087431694,94.20103000000108,effect_30-35
337,147,Motor,MOs6a,5,0.05307797589898903,17,3.4,230,0.07391304347826087,94.20103000000108,effect_30-35
338,149,Motor,MOs6a,5,0.05307797589898903,16,3.2,206,0.07766990291262135,94.20103000000108,effect_30-35
339,150,Motor,MOs6a,25,0.26538987949494514,86,3.44,902,0.09534368070953436,94.20103000000108,effect_30-35
340,152,Motor,MOs6a,12,0.12738714215757366,49,4.083333333333333,229,0.21397379912663755,94.20103000000108,effect_30-35
341,157,STR,LSr,0,0.0,0,0.0,183,0.0,94.20103000000108,effect_30-35
342,3,Other,AMd,0,0.0,0,0.0,821,0.0,93.31777999996757,effect_35-40
343,6,Other,AMd,1,0.010716071471056722,4,4.0,691,0.005788712011577424,93.31777999996757,effect_35-40
344,8,Other,AMd,7,0.07501250029739705,22,3.142857142857143,617,0.03565640194489465,93.31777999996757,effect_35-40
345,9,Other,AMd,2,0.021432142942113444,7,3.5,1171,0.005977796754910333,93.31777999996757,effect_35-40
346,10,Other,AMd,7,0.07501250029739705,23,3.2857142857142856,292,0.07876712328767123,93.31777999996757,effect_35-40
347,13,Thalamus,IAD,7,0.07501250029739705,10,1.4285714285714286,544,0.01838235294117647,93.31777999996757,effect_35-40
348,14,Thalamus,IAD,5,0.05358035735528361,7,1.4,778,0.008997429305912597,93.31777999996757,effect_35-40
349,16,Thalamus,IAD,8,0.08572857176845378,17,2.125,537,0.03165735567970205,93.31777999996757,effect_35-40
350,18,Thalamus,IAD,10,0.10716071471056722,26,2.6,378,0.06878306878306878,93.31777999996757,effect_35-40
351,40,Thalamus,PO,10,0.10716071471056722,15,1.5,716,0.02094972067039106,93.31777999996757,effect_35-40
352,43,Thalamus,PO,17,0.18217321500796427,30,1.7647058823529411,1019,0.029440628066732092,93.31777999996757,effect_35-40
353,46,Thalamus,PO,8,0.08572857176845378,14,1.75,457,0.030634573304157548,93.31777999996757,effect_35-40
354,48,Thalamus,PO,6,0.06429642882634033,11,1.8333333333333333,410,0.026829268292682926,93.31777999996757,effect_35-40
355,65,Other,VISp5,2,0.021432142942113444,6,3.0,479,0.012526096033402923,93.31777999996757,effect_35-40
356,66,Other,VISp5,17,0.18217321500796427,55,3.235294117647059,1497,0.03674014696058784,93.31777999996757,effect_35-40
357,69,Thalamus,VPL,10,0.10716071471056722,21,2.1,388,0.05412371134020619,93.31777999996757,effect_35-40
358,77,Thalamus,VPL,1,0.010716071471056722,2,2.0,508,0.003937007874015748,93.31777999996757,effect_35-40
359,79,Thalamus,VPL,10,0.10716071471056722,22,2.2,573,0.038394415357766144,93.31777999996757,effect_35-40
360,89,Thalamus,VPL,5,0.05358035735528361,8,1.6,200,0.04,93.31777999996757,effect_35-40
361,90,Thalamus,VPL,2,0.021432142942113444,2,1.0,998,0.002004008016032064,93.31777999996757,effect_35-40
362,91,Thalamus,VPL,11,0.11787678618162394,19,1.7272727272727273,361,0.05263157894736842,93.31777999996757,effect_35-40
363,93,Thalamus,VPL,19,0.20360535795007773,55,2.8947368421052633,989,0.055611729019211326,93.31777999996757,effect_35-40
364,97,Thalamus,VPM,2,0.021432142942113444,4,2.0,851,0.004700352526439483,93.31777999996757,effect_35-40
365,102,Thalamus,VPM,7,0.07501250029739705,11,1.5714285714285714,672,0.01636904761904762,93.31777999996757,effect_35-40
366,118,Other,CA3,0,0.0,0,0.0,0,0.0,93.31777999996757,effect_35-40
367,128,STR,LSr,1,0.010716071471056722,3,3.0,316,0.00949367088607595,93.31777999996757,effect_35-40
368,131,STR,STR,0,0.0,0,0.0,439,0.0,93.31777999996757,effect_35-40
369,132,STR,STR,0,0.0,0,0.0,237,0.0,93.31777999996757,effect_35-40
370,135,Motor,MOs6a,65,0.6965446456186869,269,4.138461538461539,966,0.2784679089026915,93.31777999996757,effect_35-40
371,137,Motor,MOs6a,18,0.19288928647902098,58,3.2222222222222223,446,0.13004484304932734,93.31777999996757,effect_35-40
372,139,Motor,MOs6a,41,0.43935893031332557,166,4.048780487804878,938,0.17697228144989338,93.31777999996757,effect_35-40
373,140,Motor,MOs6a,10,0.10716071471056722,33,3.3,341,0.0967741935483871,93.31777999996757,effect_35-40
374,141,Motor,MOs6a,6,0.06429642882634033,21,3.5,339,0.061946902654867256,93.31777999996757,effect_35-40
375,147,Motor,MOs6a,7,0.07501250029739705,22,3.142857142857143,261,0.0842911877394636,93.31777999996757,effect_35-40
376,149,Motor,MOs6a,4,0.04286428588422689,13,3.25,208,0.0625,93.31777999996757,effect_35-40
377,150,Motor,MOs6a,18,0.19288928647902098,58,3.2222222222222223,611,0.09492635024549918,93.31777999996757,effect_35-40
378,152,Motor,MOs6a,15,0.16074107206585084,52,3.466666666666667,254,0.2047244094488189,93.31777999996757,effect_35-40
379,157,STR,LSr,1,0.010716071471056722,3,3.0,195,0.015384615384615385,93.31777999996757,effect_35-40
380,3,Other,AMd,7,0.05947130182595362,23,3.2857142857142856,947,0.024287222808870117,117.70382999998765,effect_40-45
381,6,Other,AMd,5,0.042479501304252584,17,3.4,624,0.027243589743589744,117.70382999998765,effect_40-45
382,8,Other,AMd,19,0.16142210495615983,61,3.210526315789474,650,0.09384615384615384,117.70382999998765,effect_40-45
383,9,Other,AMd,9,0.07646310234765466,29,3.2222222222222223,1048,0.02767175572519084,117.70382999998765,effect_40-45
384,10,Other,AMd,23,0.1954057059995619,84,3.652173913043478,574,0.14634146341463414,117.70382999998765,effect_40-45
385,13,Thalamus,IAD,17,0.14443030443445878,28,1.6470588235294117,446,0.06278026905829596,117.70382999998765,effect_40-45
386,14,Thalamus,IAD,8,0.06796720208680414,15,1.875,599,0.025041736227045076,117.70382999998765,effect_40-45
387,16,Thalamus,IAD,27,0.22938930704296398,67,2.4814814814814814,572,0.11713286713286714,117.70382999998765,effect_40-45
388,18,Thalamus,IAD,25,0.21239750652126294,50,2.0,466,0.1072961373390558,117.70382999998765,effect_40-45
389,40,Thalamus,PO,17,0.14443030443445878,32,1.8823529411764706,750,0.042666666666666665,117.70382999998765,effect_40-45
390,43,Thalamus,PO,36,0.30585240939061864,73,2.0277777777777777,1072,0.06809701492537314,117.70382999998765,effect_40-45
391,46,Thalamus,PO,23,0.1954057059995619,56,2.4347826086956523,481,0.11642411642411643,117.70382999998765,effect_40-45
392,48,Thalamus,PO,18,0.15292620469530932,41,2.2777777777777777,543,0.07550644567219153,117.70382999998765,effect_40-45
393,65,Other,VISp5,2,0.016991800521701034,6,3.0,607,0.009884678747940691,117.70382999998765,effect_40-45
394,66,Other,VISp5,15,0.12743850391275777,54,3.6,1910,0.028272251308900525,117.70382999998765,effect_40-45
395,69,Thalamus,VPL,19,0.16142210495615983,48,2.526315789473684,403,0.11910669975186104,117.70382999998765,effect_40-45
396,77,Thalamus,VPL,5,0.042479501304252584,14,2.8,483,0.028985507246376812,117.70382999998765,effect_40-45
397,79,Thalamus,VPL,25,0.21239750652126294,69,2.76,550,0.12545454545454546,117.70382999998765,effect_40-45
398,89,Thalamus,VPL,11,0.09345490286935569,20,1.8181818181818181,272,0.07352941176470588,117.70382999998765,effect_40-45
399,90,Thalamus,VPL,6,0.05097540156510311,12,2.0,1076,0.011152416356877323,117.70382999998765,effect_40-45
400,91,Thalamus,VPL,15,0.12743850391275777,36,2.4,323,0.11145510835913312,117.70382999998765,effect_40-45
401,93,Thalamus,VPL,34,0.28886060886891757,81,2.3823529411764706,824,0.0983009708737864,117.70382999998765,effect_40-45
402,97,Thalamus,VPM,1,0.008495900260850517,2,2.0,682,0.002932551319648094,117.70382999998765,effect_40-45
403,102,Thalamus,VPM,6,0.05097540156510311,13,2.1666666666666665,550,0.023636363636363636,117.70382999998765,effect_40-45
404,118,Other,CA3,0,0.0,0,0.0,0,0.0,117.70382999998765,effect_40-45
405,128,STR,LSr,6,0.05097540156510311,22,3.6666666666666665,555,0.03963963963963964,117.70382999998765,effect_40-45
406,131,STR,STR,0,0.0,0,0.0,506,0.0,117.70382999998765,effect_40-45
407,132,STR,STR,0,0.0,0,0.0,316,0.0,117.70382999998765,effect_40-45
408,135,Motor,MOs6a,110,0.9345490286935569,424,3.8545454545454545,1288,0.32919254658385094,117.70382999998765,effect_40-45
409,137,Motor,MOs6a,17,0.14443030443445878,56,3.2941176470588234,560,0.1,117.70382999998765,effect_40-45
410,139,Motor,MOs6a,46,0.3908114119991238,206,4.478260869565218,1192,0.17281879194630873,117.70382999998765,effect_40-45
411,140,Motor,MOs6a,5,0.042479501304252584,18,3.6,391,0.04603580562659847,117.70382999998765,effect_40-45
412,141,Motor,MOs6a,11,0.09345490286935569,35,3.1818181818181817,457,0.07658643326039387,117.70382999998765,effect_40-45
413,147,Motor,MOs6a,15,0.12743850391275777,50,3.3333333333333335,377,0.13262599469496023,117.70382999998765,effect_40-45
414,149,Motor,MOs6a,7,0.05947130182595362,24,3.4285714285714284,280,0.08571428571428572,117.70382999998765,effect_40-45
415,150,Motor,MOs6a,12,0.10195080313020621,41,3.4166666666666665,740,0.05540540540540541,117.70382999998765,effect_40-45
416,152,Motor,MOs6a,14,0.11894260365190724,53,3.7857142857142856,305,0.1737704918032787,117.70382999998765,effect_40-45
417,157,STR,LSr,0,0.0,0,0.0,239,0.0,117.70382999998765,effect_40-45
418,3,Other,AMd,17,0.1060379241516968,57,3.3529411764705883,1132,0.05035335689045936,160.3199999999997,effect_45-50
419,6,Other,AMd,11,0.06861277445109792,35,3.1818181818181817,920,0.03804347826086957,160.3199999999997,effect_45-50
420,8,Other,AMd,38,0.23702594810379285,134,3.526315789473684,853,0.1570926143024619,160.3199999999997,effect_45-50
421,9,Other,AMd,25,0.1559381237524953,79,3.16,1247,0.06335204490777867,160.3199999999997,effect_45-50
422,10,Other,AMd,34,0.2120758483033936,126,3.7058823529411766,587,0.21465076660988075,160.3199999999997,effect_45-50
423,13,Thalamus,IAD,27,0.16841317365269493,57,2.111111111111111,517,0.1102514506769826,160.3199999999997,effect_45-50
424,14,Thalamus,IAD,20,0.12475049900199624,37,1.85,813,0.04551045510455105,160.3199999999997,effect_45-50
425,16,Thalamus,IAD,48,0.29940119760479095,112,2.3333333333333335,654,0.1712538226299694,160.3199999999997,effect_45-50
426,18,Thalamus,IAD,31,0.19336327345309418,72,2.3225806451612905,573,0.1256544502617801,160.3199999999997,effect_45-50
427,40,Thalamus,PO,29,0.18088822355289455,59,2.0344827586206895,1010,0.05841584158415842,160.3199999999997,effect_45-50
428,43,Thalamus,PO,46,0.28692614770459135,94,2.0434782608695654,1315,0.0714828897338403,160.3199999999997,effect_45-50
429,46,Thalamus,PO,44,0.2744510978043917,99,2.25,689,0.14368650217706821,160.3199999999997,effect_45-50
430,48,Thalamus,PO,31,0.19336327345309418,74,2.3870967741935485,700,0.10571428571428572,160.3199999999997,effect_45-50
431,65,Other,VISp5,0,0.0,0,0.0,800,0.0,160.3199999999997,effect_45-50
432,66,Other,VISp5,13,0.08108782435129755,43,3.3076923076923075,2455,0.017515274949083504,160.3199999999997,effect_45-50
433,69,Thalamus,VPL,40,0.24950099800399247,110,2.75,581,0.18932874354561102,160.3199999999997,effect_45-50
434,77,Thalamus,VPL,7,0.04366267465069868,16,2.2857142857142856,499,0.03206412825651302,160.3199999999997,effect_45-50
435,79,Thalamus,VPL,47,0.2931636726546912,123,2.617021276595745,839,0.1466030989272944,160.3199999999997,effect_45-50
436,89,Thalamus,VPL,6,0.03742514970059887,10,1.6666666666666667,358,0.027932960893854747,160.3199999999997,effect_45-50
437,90,Thalamus,VPL,13,0.08108782435129755,22,1.6923076923076923,1346,0.01634472511144131,160.3199999999997,effect_45-50
438,91,Thalamus,VPL,23,0.14346307385229567,49,2.130434782608696,441,0.1111111111111111,160.3199999999997,effect_45-50
439,93,Thalamus,VPL,66,0.4116766467065876,188,2.8484848484848486,1025,0.18341463414634146,160.3199999999997,effect_45-50
440,97,Thalamus,VPM,15,0.09356287425149717,33,2.2,956,0.034518828451882845,160.3199999999997,effect_45-50
441,102,Thalamus,VPM,23,0.14346307385229567,47,2.0434782608695654,762,0.06167979002624672,160.3199999999997,effect_45-50
442,118,Other,CA3,0,0.0,0,0.0,0,0.0,160.3199999999997,effect_45-50
443,128,STR,LSr,7,0.04366267465069868,27,3.857142857142857,734,0.03678474114441417,160.3199999999997,effect_45-50
444,131,STR,STR,0,0.0,0,0.0,718,0.0,160.3199999999997,effect_45-50
445,132,STR,STR,0,0.0,0,0.0,318,0.0,160.3199999999997,effect_45-50
446,135,Motor,MOs6a,152,0.9481037924151714,571,3.7565789473684212,1798,0.3175750834260289,160.3199999999997,effect_45-50
447,137,Motor,MOs6a,26,0.1621756487025951,87,3.3461538461538463,734,0.11852861035422343,160.3199999999997,effect_45-50
448,139,Motor,MOs6a,68,0.4241516966067872,273,4.014705882352941,1543,0.17692806221646143,160.3199999999997,effect_45-50
449,140,Motor,MOs6a,13,0.08108782435129755,43,3.3076923076923075,611,0.07037643207855974,160.3199999999997,effect_45-50
450,141,Motor,MOs6a,20,0.12475049900199624,70,3.5,667,0.10494752623688156,160.3199999999997,effect_45-50
451,147,Motor,MOs6a,6,0.03742514970059887,19,3.1666666666666665,461,0.04121475054229935,160.3199999999997,effect_45-50
452,149,Motor,MOs6a,16,0.09980039920159699,48,3.0,370,0.12972972972972974,160.3199999999997,effect_45-50
453,150,Motor,MOs6a,21,0.13098802395209605,69,3.2857142857142856,788,0.08756345177664974,160.3199999999997,effect_45-50
454,152,Motor,MOs6a,13,0.08108782435129755,44,3.3846153846153846,399,0.11027568922305764,160.3199999999997,effect_45-50
455,157,STR,LSr,0,0.0,0,0.0,345,0.0,160.3199999999997,effect_45-50
456,3,Other,AMd,34,0.16551455554474048,109,3.2058823529411766,1479,0.07369844489519946,205.41999999999643,effect_50-55
457,6,Other,AMd,18,0.08762535293545085,67,3.7222222222222223,1854,0.036138079827400214,205.41999999999643,effect_50-55
458,8,Other,AMd,53,0.25800798364327193,188,3.547169811320755,571,0.329246935201401,205.41999999999643,effect_50-55
459,9,Other,AMd,22,0.10709765358777325,70,3.1818181818181817,2045,0.034229828850855744,205.41999999999643,effect_50-55
460,10,Other,AMd,37,0.1801187810339823,131,3.5405405405405403,761,0.1721419185282523,205.41999999999643,effect_50-55
461,13,Thalamus,IAD,30,0.14604225489241807,62,2.066666666666667,699,0.08869814020028613,205.41999999999643,effect_50-55
462,14,Thalamus,IAD,25,0.12170187907701506,51,2.04,1422,0.035864978902953586,205.41999999999643,effect_50-55
463,16,Thalamus,IAD,63,0.306688735274078,148,2.3492063492063493,909,0.1628162816281628,205.41999999999643,effect_50-55
464,18,Thalamus,IAD,38,0.1849868561970629,84,2.210526315789474,857,0.09801633605600933,205.41999999999643,effect_50-55
465,40,Thalamus,PO,42,0.20445915684938532,97,2.3095238095238093,1335,0.07265917602996255,205.41999999999643,effect_50-55
466,43,Thalamus,PO,62,0.30182066011099734,128,2.064516129032258,1689,0.07578448786264061,205.41999999999643,effect_50-55
467,46,Thalamus,PO,59,0.28721643462175556,149,2.5254237288135593,1055,0.14123222748815165,205.41999999999643,effect_50-55
468,48,Thalamus,PO,51,0.24827183331711072,115,2.2549019607843137,910,0.12637362637362637,205.41999999999643,effect_50-55
469,65,Other,VISp5,1,0.004868075163080602,3,3.0,1035,0.002898550724637681,205.41999999999643,effect_50-55
470,66,Other,VISp5,12,0.05841690195696723,37,3.0833333333333335,3112,0.011889460154241645,205.41999999999643,effect_50-55
471,69,Thalamus,VPL,97,0.47220329081881846,310,3.195876288659794,930,0.3333333333333333,205.41999999999643,effect_50-55
472,77,Thalamus,VPL,67,0.3261610359264004,196,2.925373134328358,1131,0.17329796640141468,205.41999999999643,effect_50-55
473,79,Thalamus,VPL,108,0.525752117612705,422,3.9074074074074074,1330,0.3172932330827068,205.41999999999643,effect_50-55
474,89,Thalamus,VPL,14,0.06815305228312843,24,1.7142857142857142,643,0.03732503888024884,205.41999999999643,effect_50-55
475,90,Thalamus,VPL,40,0.1947230065232241,80,2.0,1454,0.055020632737276476,205.41999999999643,effect_50-55
476,91,Thalamus,VPL,67,0.3261610359264004,214,3.1940298507462686,1039,0.20596727622714148,205.41999999999643,effect_50-55
477,93,Thalamus,VPL,117,0.5695647940804305,390,3.3333333333333335,1649,0.23650697392359005,205.41999999999643,effect_50-55
478,97,Thalamus,VPM,62,0.30182066011099734,193,3.1129032258064515,1593,0.12115505335844319,205.41999999999643,effect_50-55
479,102,Thalamus,VPM,58,0.2823483594586749,156,2.689655172413793,1266,0.12322274881516587,205.41999999999643,effect_50-55
480,118,Other,CA3,0,0.0,0,0.0,0,0.0,205.41999999999643,effect_50-55
481,128,STR,LSr,4,0.01947230065232241,12,3.0,864,0.013888888888888888,205.41999999999643,effect_50-55
482,131,STR,STR,0,0.0,0,0.0,971,0.0,205.41999999999643,effect_50-55
483,132,STR,STR,0,0.0,0,0.0,408,0.0,205.41999999999643,effect_50-55
484,135,Motor,MOs6a,193,0.9395385064745563,745,3.860103626943005,2230,0.33408071748878926,205.41999999999643,effect_50-55
485,137,Motor,MOs6a,33,0.16064648038165988,111,3.3636363636363638,861,0.1289198606271777,205.41999999999643,effect_50-55
486,139,Motor,MOs6a,84,0.40891831369877063,357,4.25,1835,0.19455040871934604,205.41999999999643,effect_50-55
487,140,Motor,MOs6a,24,0.11683380391393446,77,3.2083333333333335,728,0.10576923076923077,205.41999999999643,effect_50-55
488,141,Motor,MOs6a,28,0.13630610456625686,96,3.4285714285714284,765,0.12549019607843137,205.41999999999643,effect_50-55
489,147,Motor,MOs6a,31,0.15091033005549867,101,3.2580645161290325,576,0.1753472222222222,205.41999999999643,effect_50-55
490,149,Motor,MOs6a,5,0.024340375815403013,16,3.2,413,0.0387409200968523,205.41999999999643,effect_50-55
491,150,Motor,MOs6a,29,0.14117417972933746,98,3.3793103448275863,979,0.10010214504596528,205.41999999999643,effect_50-55
492,152,Motor,MOs6a,23,0.11196572875085385,76,3.3043478260869565,515,0.14757281553398058,205.41999999999643,effect_50-55
493,157,STR,LSr,1,0.004868075163080602,3,3.0,518,0.005791505791505791,205.41999999999643,effect_50-55
494,3,Other,AMd,7,0.04418355109512003,22,3.142857142857143,1171,0.018787361229718188,158.43000000000302,effect_55-60
495,6,Other,AMd,5,0.031559679353657166,16,3.2,1083,0.014773776546629732,158.43000000000302,effect_55-60
496,8,Other,AMd,31,0.19567001199267442,113,3.6451612903225805,529,0.21361058601134217,158.43000000000302,effect_55-60
497,9,Other,AMd,6,0.037871615224388595,22,3.6666666666666665,1756,0.012528473804100227,158.43000000000302,effect_55-60
498,10,Other,AMd,15,0.0946790380609715,54,3.6,1027,0.05258033106134372,158.43000000000302,effect_55-60
499,13,Thalamus,IAD,24,0.15148646089755438,43,1.7916666666666667,478,0.0899581589958159,158.43000000000302,effect_55-60
500,14,Thalamus,IAD,8,0.05049548696585147,14,1.75,1235,0.011336032388663968,158.43000000000302,effect_55-60
501,16,Thalamus,IAD,29,0.18304614025121155,69,2.3793103448275863,763,0.09043250327653997,158.43000000000302,effect_55-60
502,18,Thalamus,IAD,17,0.10730290980243436,34,2.0,773,0.04398447606727038,158.43000000000302,effect_55-60
503,40,Thalamus,PO,35,0.22091775547560016,60,1.7142857142857142,985,0.06091370558375635,158.43000000000302,effect_55-60
504,43,Thalamus,PO,44,0.2777251783121831,90,2.0454545454545454,1402,0.06419400855920114,158.43000000000302,effect_55-60
505,46,Thalamus,PO,23,0.14517452502682296,50,2.1739130434782608,763,0.0655307994757536,158.43000000000302,effect_55-60
506,48,Thalamus,PO,19,0.11992678154389723,35,1.8421052631578947,795,0.0440251572327044,158.43000000000302,effect_55-60
507,65,Other,VISp5,0,0.0,0,0.0,845,0.0,158.43000000000302,effect_55-60
508,66,Other,VISp5,21,0.1325506532853601,71,3.380952380952381,2707,0.026228297007757664,158.43000000000302,effect_55-60
509,69,Thalamus,VPL,18,0.11361484567316579,37,2.0555555555555554,354,0.10451977401129943,158.43000000000302,effect_55-60
510,77,Thalamus,VPL,2,0.012623871741462867,2,1.0,473,0.004228329809725159,158.43000000000302,effect_55-60
511,79,Thalamus,VPL,27,0.1704222685097487,61,2.259259259259259,944,0.0646186440677966,158.43000000000302,effect_55-60
512,89,Thalamus,VPL,5,0.031559679353657166,9,1.8,434,0.020737327188940093,158.43000000000302,effect_55-60
513,90,Thalamus,VPL,3,0.018935807612194298,6,2.0,1077,0.005571030640668524,158.43000000000302,effect_55-60
514,91,Thalamus,VPL,20,0.12623871741462867,33,1.65,672,0.049107142857142856,158.43000000000302,effect_55-60
515,93,Thalamus,VPL,43,0.2714132424414516,106,2.4651162790697674,1341,0.0790454884414616,158.43000000000302,effect_55-60
516,97,Thalamus,VPM,12,0.07574323044877719,25,2.0833333333333335,1468,0.0170299727520436,158.43000000000302,effect_55-60
517,102,Thalamus,VPM,26,0.16411033263901725,47,1.8076923076923077,1320,0.035606060606060606,158.43000000000302,effect_55-60
518,118,Other,CA3,0,0.0,0,0.0,0,0.0,158.43000000000302,effect_55-60
519,128,STR,LSr,3,0.018935807612194298,9,3.0,517,0.017408123791102514,158.43000000000302,effect_55-60
520,131,STR,STR,0,0.0,0,0.0,837,0.0,158.43000000000302,effect_55-60
521,132,STR,STR,0,0.0,0,0.0,337,0.0,158.43000000000302,effect_55-60
522,135,Motor,MOs6a,152,0.9594142523511778,602,3.960526315789474,1763,0.34146341463414637,158.43000000000302,effect_55-60
523,137,Motor,MOs6a,19,0.11992678154389723,64,3.3684210526315788,655,0.09770992366412214,158.43000000000302,effect_55-60
524,139,Motor,MOs6a,56,0.35346840876096025,222,3.9642857142857144,1486,0.14939434724091522,158.43000000000302,effect_55-60
525,140,Motor,MOs6a,24,0.15148646089755438,87,3.625,621,0.14009661835748793,158.43000000000302,effect_55-60
526,141,Motor,MOs6a,25,0.15779839676828583,86,3.44,658,0.13069908814589665,158.43000000000302,effect_55-60
527,147,Motor,MOs6a,14,0.08836710219024006,49,3.5,461,0.10629067245119306,158.43000000000302,effect_55-60
528,149,Motor,MOs6a,12,0.07574323044877719,41,3.4166666666666665,347,0.11815561959654179,158.43000000000302,effect_55-60
529,150,Motor,MOs6a,36,0.22722969134633159,123,3.4166666666666665,1010,0.12178217821782178,158.43000000000302,effect_55-60
530,152,Motor,MOs6a,16,0.10099097393170293,51,3.1875,376,0.1356382978723404,158.43000000000302,effect_55-60
531,157,STR,LSr,0,0.0,0,0.0,316,0.0,158.43000000000302,effect_55-60
532,3,Other,AMd,24,0.12834910957805246,83,3.4583333333333335,1264,0.06566455696202532,186.98999999999978,effect_60-65
533,6,Other,AMd,18,0.09626183218353934,59,3.2777777777777777,1235,0.04777327935222672,186.98999999999978,effect_60-65
534,8,Other,AMd,58,0.31017701481362675,197,3.396551724137931,760,0.25921052631578945,186.98999999999978,effect_60-65
535,9,Other,AMd,15,0.08021819348628279,47,3.1333333333333333,1616,0.029084158415841586,186.98999999999978,effect_60-65
536,10,Other,AMd,21,0.1123054708807959,72,3.4285714285714284,896,0.08035714285714286,186.98999999999978,effect_60-65
537,13,Thalamus,IAD,27,0.144392748275309,58,2.1481481481481484,656,0.08841463414634146,186.98999999999978,effect_60-65
538,14,Thalamus,IAD,24,0.12834910957805246,46,1.9166666666666667,1345,0.03420074349442379,186.98999999999978,effect_60-65
539,16,Thalamus,IAD,62,0.3315685330766355,150,2.4193548387096775,816,0.18382352941176472,186.98999999999978,effect_60-65
540,18,Thalamus,IAD,33,0.17648002566982213,74,2.242424242424242,801,0.09238451935081149,186.98999999999978,effect_60-65
541,40,Thalamus,PO,29,0.15508850740681338,61,2.103448275862069,1151,0.052997393570807995,186.98999999999978,effect_60-65
542,43,Thalamus,PO,57,0.3048291352478746,109,1.912280701754386,1417,0.07692307692307693,186.98999999999978,effect_60-65
543,46,Thalamus,PO,38,0.20321942349858305,86,2.263157894736842,826,0.10411622276029056,186.98999999999978,effect_60-65
544,48,Thalamus,PO,28,0.1497406278410612,63,2.25,821,0.07673568818514007,186.98999999999978,effect_60-65
545,65,Other,VISp5,0,0.0,0,0.0,943,0.0,186.98999999999978,effect_60-65
546,66,Other,VISp5,27,0.144392748275309,96,3.5555555555555554,3060,0.03137254901960784,186.98999999999978,effect_60-65
547,69,Thalamus,VPL,53,0.28343761698486586,133,2.509433962264151,654,0.20336391437308868,186.98999999999978,effect_60-65
548,77,Thalamus,VPL,21,0.1123054708807959,51,2.4285714285714284,723,0.07053941908713693,186.98999999999978,effect_60-65
549,79,Thalamus,VPL,36,0.19252366436707868,111,3.0833333333333335,834,0.13309352517985612,186.98999999999978,effect_60-65
550,89,Thalamus,VPL,4,0.02139151826300874,7,1.75,498,0.014056224899598393,186.98999999999978,effect_60-65
551,90,Thalamus,VPL,6,0.032087277394513114,10,1.6666666666666667,1168,0.008561643835616438,186.98999999999978,effect_60-65
552,91,Thalamus,VPL,27,0.144392748275309,67,2.4814814814814814,604,0.11092715231788079,186.98999999999978,effect_60-65
553,93,Thalamus,VPL,54,0.288785496550618,145,2.685185185185185,1126,0.12877442273534637,186.98999999999978,effect_60-65
554,97,Thalamus,VPM,14,0.0748703139205306,32,2.2857142857142856,1097,0.02917046490428441,186.98999999999978,effect_60-65
555,102,Thalamus,VPM,43,0.22995882132734397,92,2.13953488372093,1266,0.07266982622432859,186.98999999999978,effect_60-65
556,118,Other,CA3,0,0.0,0,0.0,0,0.0,186.98999999999978,effect_60-65
557,128,STR,LSr,5,0.026739397828760926,17,3.4,719,0.02364394993045897,186.98999999999978,effect_60-65
558,131,STR,STR,0,0.0,0,0.0,847,0.0,186.98999999999978,effect_60-65
559,132,STR,STR,0,0.0,0,0.0,361,0.0,186.98999999999978,effect_60-65
560,135,Motor,MOs6a,197,1.0535322744531805,820,4.16243654822335,2287,0.3585483165719283,186.98999999999978,effect_60-65
561,137,Motor,MOs6a,25,0.13369698914380465,93,3.72,818,0.1136919315403423,186.98999999999978,effect_60-65
562,139,Motor,MOs6a,73,0.39039520829990954,296,4.054794520547945,1736,0.17050691244239632,186.98999999999978,effect_60-65
563,140,Motor,MOs6a,31,0.16578426653831774,106,3.4193548387096775,763,0.13892529488859764,186.98999999999978,effect_60-65
564,141,Motor,MOs6a,19,0.10160971174929152,61,3.210526315789474,699,0.08726752503576538,186.98999999999978,effect_60-65
565,147,Motor,MOs6a,24,0.12834910957805246,80,3.3333333333333335,559,0.14311270125223613,186.98999999999978,effect_60-65
566,149,Motor,MOs6a,10,0.05347879565752185,31,3.1,432,0.07175925925925926,186.98999999999978,effect_60-65
567,150,Motor,MOs6a,67,0.3583079309053964,239,3.5671641791044775,1432,0.16689944134078213,186.98999999999978,effect_60-65
568,152,Motor,MOs6a,19,0.10160971174929152,63,3.3157894736842106,408,0.15441176470588236,186.98999999999978,effect_60-65
569,157,STR,LSr,0,0.0,0,0.0,354,0.0,186.98999999999978,effect_60-65
570,3,Other,AMd,37,0.16915058974124408,120,3.2432432432432434,1366,0.08784773060029283,218.7400000000016,effect_65-70
571,6,Other,AMd,22,0.10057602633263162,78,3.5454545454545454,1613,0.04835709857408556,218.7400000000016,effect_65-70
572,8,Other,AMd,92,0.4205906555728231,321,3.489130434782609,937,0.3425827107790822,218.7400000000016,effect_65-70
573,9,Other,AMd,31,0.1417207643777991,101,3.2580645161290325,2289,0.04412407164700743,218.7400000000016,effect_65-70
574,10,Other,AMd,58,0.2651549785133015,207,3.5689655172413794,983,0.2105798575788403,218.7400000000016,effect_65-70
575,13,Thalamus,IAD,48,0.21943860290755987,106,2.2083333333333335,865,0.12254335260115606,218.7400000000016,effect_65-70
576,14,Thalamus,IAD,40,0.18286550242296656,81,2.025,1183,0.06846999154691462,218.7400000000016,effect_65-70
577,16,Thalamus,IAD,87,0.3977324677699523,205,2.3563218390804597,1005,0.20398009950248755,218.7400000000016,effect_65-70
578,18,Thalamus,IAD,52,0.23772515314985654,114,2.1923076923076925,838,0.1360381861575179,218.7400000000016,effect_65-70
579,40,Thalamus,PO,50,0.22858187802870822,116,2.32,1201,0.09658617818484597,218.7400000000016,effect_65-70
580,43,Thalamus,PO,66,0.30172807899789483,142,2.1515151515151514,1553,0.09143593045717965,218.7400000000016,effect_65-70
581,46,Thalamus,PO,59,0.2697266160738757,159,2.694915254237288,1010,0.15742574257425743,218.7400000000016,effect_65-70
582,48,Thalamus,PO,55,0.251440065831579,116,2.109090909090909,852,0.13615023474178403,218.7400000000016,effect_65-70
583,65,Other,VISp5,0,0.0,0,0.0,1051,0.0,218.7400000000016,effect_65-70
584,66,Other,VISp5,29,0.13257748925665075,101,3.4827586206896552,3439,0.029369002617039838,218.7400000000016,effect_65-70
585,69,Thalamus,VPL,95,0.4343055682545456,289,3.042105263157895,806,0.358560794044665,218.7400000000016,effect_65-70
586,77,Thalamus,VPL,51,0.23315351558928238,154,3.019607843137255,942,0.16348195329087048,218.7400000000016,effect_65-70
587,79,Thalamus,VPL,94,0.4297339306939714,319,3.393617021276596,1063,0.30009407337723426,218.7400000000016,effect_65-70
588,89,Thalamus,VPL,12,0.05485965072688997,18,1.5,493,0.036511156186612576,218.7400000000016,effect_65-70
589,90,Thalamus,VPL,15,0.06857456340861247,29,1.9333333333333333,835,0.03473053892215569,218.7400000000016,effect_65-70
590,91,Thalamus,VPL,56,0.2560117033921532,154,2.75,704,0.21875,218.7400000000016,effect_65-70
591,93,Thalamus,VPL,99,0.4525921184968423,301,3.04040404040404,1165,0.25836909871244634,218.7400000000016,effect_65-70
592,97,Thalamus,VPM,34,0.15543567705952158,98,2.8823529411764706,1299,0.07544264819091609,218.7400000000016,effect_65-70
593,102,Thalamus,VPM,75,0.34287281704306233,181,2.4133333333333336,1054,0.17172675521821631,218.7400000000016,effect_65-70
594,118,Other,CA3,0,0.0,0,0.0,0,0.0,218.7400000000016,effect_65-70
595,128,STR,LSr,10,0.04571637560574164,32,3.2,1001,0.03196803196803197,218.7400000000016,effect_65-70
596,131,STR,STR,0,0.0,0,0.0,927,0.0,218.7400000000016,effect_65-70
597,132,STR,STR,0,0.0,0,0.0,434,0.0,218.7400000000016,effect_65-70
598,135,Motor,MOs6a,240,1.0971930145377995,945,3.9375,2621,0.3605494086226631,218.7400000000016,effect_65-70
599,137,Motor,MOs6a,36,0.16457895218066992,118,3.2777777777777777,947,0.1246040126715945,218.7400000000016,effect_65-70
600,139,Motor,MOs6a,85,0.388589192648804,331,3.8941176470588235,1921,0.17230609057782406,218.7400000000016,effect_65-70
601,140,Motor,MOs6a,25,0.11429093901435411,85,3.4,783,0.10855683269476372,218.7400000000016,effect_65-70
602,141,Motor,MOs6a,22,0.10057602633263162,73,3.3181818181818183,881,0.08286038592508513,218.7400000000016,effect_65-70
603,147,Motor,MOs6a,28,0.1280058516960766,92,3.2857142857142856,702,0.13105413105413105,218.7400000000016,effect_65-70
604,149,Motor,MOs6a,17,0.07771783852976079,54,3.176470588235294,505,0.10693069306930693,218.7400000000016,effect_65-70
605,150,Motor,MOs6a,36,0.16457895218066992,120,3.3333333333333335,1349,0.08895478131949593,218.7400000000016,effect_65-70
606,152,Motor,MOs6a,30,0.13714912681722494,103,3.433333333333333,596,0.17281879194630873,218.7400000000016,effect_65-70
607,157,STR,LSr,0,0.0,0,0.0,495,0.0,218.7400000000016,effect_65-70
608,3,Other,AMd,8,0.044060142093958324,28,3.5,1416,0.01977401129943503,181.5699999999997,effect_70-75
609,6,Other,AMd,5,0.02753758880872395,15,3.0,1338,0.011210762331838564,181.5699999999997,effect_70-75
610,8,Other,AMd,32,0.1762405683758333,111,3.46875,574,0.19337979094076654,181.5699999999997,effect_70-75
611,9,Other,AMd,9,0.04956765985570311,30,3.3333333333333335,1837,0.01633097441480675,181.5699999999997,effect_70-75
612,10,Other,AMd,14,0.07710524866442707,45,3.2142857142857144,924,0.048701298701298704,181.5699999999997,effect_70-75
613,13,Thalamus,IAD,20,0.1101503552348958,42,2.1,603,0.06965174129353234,181.5699999999997,effect_70-75
614,14,Thalamus,IAD,9,0.04956765985570311,17,1.8888888888888888,1192,0.014261744966442953,181.5699999999997,effect_70-75
615,16,Thalamus,IAD,42,0.2313157459932812,88,2.0952380952380953,793,0.11097099621689786,181.5699999999997,effect_70-75
616,18,Thalamus,IAD,21,0.1156578729966406,45,2.142857142857143,818,0.0550122249388753,181.5699999999997,effect_70-75
617,40,Thalamus,PO,31,0.1707330506140885,57,1.8387096774193548,1232,0.04626623376623377,181.5699999999997,effect_70-75
618,43,Thalamus,PO,40,0.2203007104697916,79,1.975,1402,0.056348074179743225,181.5699999999997,effect_70-75
619,46,Thalamus,PO,27,0.14870297956710934,60,2.2222222222222223,832,0.07211538461538461,181.5699999999997,effect_70-75
620,48,Thalamus,PO,24,0.13218042628187496,64,2.6666666666666665,939,0.06815761448349308,181.5699999999997,effect_70-75
621,65,Other,VISp5,1,0.0055075177617447905,3,3.0,887,0.0033821871476888386,181.5699999999997,effect_70-75
622,66,Other,VISp5,14,0.07710524866442707,46,3.2857142857142856,2998,0.015343562374916611,181.5699999999997,effect_70-75
623,69,Thalamus,VPL,26,0.14319546180536455,68,2.6153846153846154,508,0.13385826771653545,181.5699999999997,effect_70-75
624,77,Thalamus,VPL,12,0.06609021314093748,23,1.9166666666666667,830,0.027710843373493974,181.5699999999997,effect_70-75
625,79,Thalamus,VPL,30,0.1652255328523437,72,2.4,962,0.07484407484407485,181.5699999999997,effect_70-75
626,89,Thalamus,VPL,6,0.03304510657046874,10,1.6666666666666667,512,0.01953125,181.5699999999997,effect_70-75
627,90,Thalamus,VPL,7,0.038552624332213535,12,1.7142857142857142,920,0.013043478260869565,181.5699999999997,effect_70-75
628,91,Thalamus,VPL,16,0.08812028418791665,36,2.25,650,0.055384615384615386,181.5699999999997,effect_70-75
629,93,Thalamus,VPL,37,0.20377815718455725,75,2.027027027027027,1110,0.06756756756756757,181.5699999999997,effect_70-75
630,97,Thalamus,VPM,18,0.09913531971140623,40,2.2222222222222223,1418,0.028208744710860368,181.5699999999997,effect_70-75
631,102,Thalamus,VPM,26,0.14319546180536455,54,2.076923076923077,1444,0.037396121883656507,181.5699999999997,effect_70-75
632,118,Other,CA3,0,0.0,0,0.0,0,0.0,181.5699999999997,effect_70-75
633,128,STR,LSr,1,0.0055075177617447905,3,3.0,627,0.004784688995215311,181.5699999999997,effect_70-75
634,131,STR,STR,0,0.0,0,0.0,811,0.0,181.5699999999997,effect_70-75
635,132,STR,STR,0,0.0,0,0.0,304,0.0,181.5699999999997,effect_70-75
636,135,Motor,MOs6a,186,1.024398303684531,718,3.860215053763441,2179,0.3295089490592015,181.5699999999997,effect_70-75
637,137,Motor,MOs6a,33,0.1817480861375781,115,3.484848484848485,827,0.13905683192261184,181.5699999999997,effect_70-75
638,139,Motor,MOs6a,79,0.43509390317783847,321,4.063291139240507,1710,0.18771929824561404,181.5699999999997,effect_70-75
639,140,Motor,MOs6a,19,0.10464283747315102,65,3.4210526315789473,666,0.09759759759759759,181.5699999999997,effect_70-75
640,141,Motor,MOs6a,23,0.1266729085201302,79,3.4347826086956523,718,0.11002785515320335,181.5699999999997,effect_70-75
641,147,Motor,MOs6a,18,0.09913531971140623,59,3.2777777777777777,597,0.09882747068676717,181.5699999999997,effect_70-75
642,149,Motor,MOs6a,8,0.044060142093958324,26,3.25,427,0.06088992974238876,181.5699999999997,effect_70-75
643,150,Motor,MOs6a,22,0.1211653907583854,72,3.272727272727273,1226,0.05872756933115824,181.5699999999997,effect_70-75
644,152,Motor,MOs6a,17,0.09362780194966144,55,3.235294117647059,449,0.12249443207126949,181.5699999999997,effect_70-75
645,157,STR,LSr,0,0.0,0,0.0,347,0.0,181.5699999999997,effect_70-75
646,3,Other,AMd,29,0.13381938996815962,97,3.3448275862068964,1639,0.059182428309945086,216.71000000000095,effect_75-80
647,6,Other,AMd,26,0.11997600479903966,84,3.230769230769231,1390,0.060431654676258995,216.71000000000095,effect_75-80
648,8,Other,AMd,80,0.369156937843199,277,3.4625,922,0.3004338394793926,216.71000000000095,effect_75-80
649,9,Other,AMd,14,0.06460246412255982,49,3.5,2183,0.02244617498854787,216.71000000000095,effect_75-80
650,10,Other,AMd,41,0.1891929306446395,139,3.3902439024390243,1181,0.11769686706181202,216.71000000000095,effect_75-80
651,13,Thalamus,IAD,52,0.23995200959807933,118,2.269230769230769,811,0.14549938347718866,216.71000000000095,effect_75-80
652,14,Thalamus,IAD,32,0.1476627751372796,66,2.0625,1347,0.04899777282850779,216.71000000000095,effect_75-80
653,16,Thalamus,IAD,86,0.3968437081814389,191,2.2209302325581395,1093,0.1747483989021043,216.71000000000095,effect_75-80
654,18,Thalamus,IAD,34,0.15689169858335958,78,2.2941176470588234,1115,0.06995515695067264,216.71000000000095,effect_75-80
655,40,Thalamus,PO,39,0.1799640071985595,84,2.1538461538461537,1196,0.07023411371237458,216.71000000000095,effect_75-80
656,43,Thalamus,PO,53,0.24456647132111933,97,1.830188679245283,1412,0.06869688385269122,216.71000000000095,effect_75-80
657,46,Thalamus,PO,56,0.2584098564902393,131,2.3392857142857144,983,0.13326551373346898,216.71000000000095,effect_75-80
658,48,Thalamus,PO,58,0.26763877993631924,144,2.4827586206896552,999,0.14414414414414414,216.71000000000095,effect_75-80
659,65,Other,VISp5,1,0.0046144617230399875,3,3.0,939,0.003194888178913738,216.71000000000095,effect_75-80
660,66,Other,VISp5,17,0.07844584929167979,58,3.411764705882353,3113,0.018631545133311916,216.71000000000095,effect_75-80
661,69,Thalamus,VPL,58,0.26763877993631924,162,2.793103448275862,719,0.22531293463143254,216.71000000000095,effect_75-80
662,77,Thalamus,VPL,20,0.09228923446079974,60,3.0,719,0.08344923504867872,216.71000000000095,effect_75-80
663,79,Thalamus,VPL,59,0.27225324165935927,184,3.1186440677966103,862,0.21345707656612528,216.71000000000095,effect_75-80
664,89,Thalamus,VPL,6,0.027686770338239925,13,2.1666666666666665,541,0.024029574861367836,216.71000000000095,effect_75-80
665,90,Thalamus,VPL,17,0.07844584929167979,32,1.8823529411764706,1066,0.0300187617260788,216.71000000000095,effect_75-80
666,91,Thalamus,VPL,44,0.20303631581375944,112,2.5454545454545454,1025,0.10926829268292683,216.71000000000095,effect_75-80
667,93,Thalamus,VPL,67,0.3091689354436791,177,2.6417910447761193,1050,0.16857142857142857,216.71000000000095,effect_75-80
668,97,Thalamus,VPM,22,0.10151815790687972,54,2.4545454545454546,1321,0.0408781226343679,216.71000000000095,effect_75-80
669,102,Thalamus,VPM,55,0.2537953947671993,120,2.1818181818181817,1195,0.100418410041841,216.71000000000095,effect_75-80
670,118,Other,CA3,0,0.0,0,0.0,0,0.0,216.71000000000095,effect_75-80
671,128,STR,LSr,6,0.027686770338239925,23,3.8333333333333335,973,0.023638232271325797,216.71000000000095,effect_75-80
672,131,STR,STR,0,0.0,0,0.0,838,0.0,216.71000000000095,effect_75-80
673,132,STR,STR,0,0.0,0,0.0,403,0.0,216.71000000000095,effect_75-80
674,135,Motor,MOs6a,212,0.9782658852844773,836,3.943396226415094,2483,0.33668948852194924,216.71000000000095,effect_75-80
675,137,Motor,MOs6a,25,0.11536154307599968,80,3.2,855,0.0935672514619883,216.71000000000095,effect_75-80
676,139,Motor,MOs6a,95,0.43837386368879877,371,3.905263157894737,2016,0.1840277777777778,216.71000000000095,effect_75-80
677,140,Motor,MOs6a,21,0.09690369618383973,72,3.4285714285714284,772,0.09326424870466321,216.71000000000095,effect_75-80
678,141,Motor,MOs6a,18,0.08306031101471976,63,3.5,836,0.07535885167464115,216.71000000000095,effect_75-80
679,147,Motor,MOs6a,31,0.1430483134142396,101,3.2580645161290325,662,0.15256797583081572,216.71000000000095,effect_75-80
680,149,Motor,MOs6a,10,0.04614461723039987,33,3.3,523,0.06309751434034416,216.71000000000095,effect_75-80
681,150,Motor,MOs6a,48,0.2214941627059194,151,3.1458333333333335,1498,0.10080106809078772,216.71000000000095,effect_75-80
682,152,Motor,MOs6a,25,0.11536154307599968,84,3.36,499,0.1683366733466934,216.71000000000095,effect_75-80
683,157,STR,LSr,0,0.0,0,0.0,436,0.0,216.71000000000095,effect_75-80
684,3,Other,AMd,38,0.1581422447875496,128,3.3684210526315788,1659,0.07715491259795057,240.28999999999814,effect_80-85
685,6,Other,AMd,36,0.14981896874609962,116,3.2222222222222223,1841,0.06300923411189571,240.28999999999814,effect_80-85
686,8,Other,AMd,102,0.4244870781139489,362,3.549019607843137,1007,0.35948361469712015,240.28999999999814,effect_80-85
687,9,Other,AMd,42,0.17478879687044957,137,3.261904761904762,2278,0.0601404741000878,240.28999999999814,effect_80-85
688,10,Other,AMd,59,0.24553664322277438,209,3.542372881355932,1191,0.17548278757346766,240.28999999999814,effect_80-85
689,13,Thalamus,IAD,62,0.25802155728494935,137,2.2096774193548385,930,0.14731182795698924,240.28999999999814,effect_80-85
690,14,Thalamus,IAD,53,0.22056681509842443,111,2.0943396226415096,1568,0.07079081632653061,240.28999999999814,effect_80-85
691,16,Thalamus,IAD,112,0.4661034583211988,264,2.357142857142857,1183,0.2231614539306847,240.28999999999814,effect_80-85
692,18,Thalamus,IAD,42,0.17478879687044957,91,2.1666666666666665,1191,0.0764063811922754,240.28999999999814,effect_80-85
693,40,Thalamus,PO,41,0.17062715884972457,92,2.2439024390243905,1346,0.06835066864784546,240.28999999999814,effect_80-85
694,43,Thalamus,PO,72,0.29963793749219925,153,2.125,1502,0.10186418109187749,240.28999999999814,effect_80-85
695,46,Thalamus,PO,72,0.29963793749219925,168,2.3333333333333335,1064,0.15789473684210525,240.28999999999814,effect_80-85
696,48,Thalamus,PO,63,0.26218319530567435,154,2.4444444444444446,977,0.15762538382804503,240.28999999999814,effect_80-85
697,65,Other,VISp5,0,0.0,0,0.0,1053,0.0,240.28999999999814,effect_80-85
698,66,Other,VISp5,16,0.06658620833159982,54,3.375,3272,0.01650366748166259,240.28999999999814,effect_80-85
699,69,Thalamus,VPL,63,0.26218319530567435,195,3.0952380952380953,758,0.25725593667546176,240.28999999999814,effect_80-85
700,77,Thalamus,VPL,40,0.16646552082899957,109,2.725,1189,0.09167367535744322,240.28999999999814,effect_80-85
701,79,Thalamus,VPL,57,0.2372133671813244,184,3.2280701754385963,1000,0.184,240.28999999999814,effect_80-85
702,89,Thalamus,VPL,9,0.037454742186524906,20,2.2222222222222223,558,0.035842293906810034,240.28999999999814,effect_80-85
703,90,Thalamus,VPL,18,0.07490948437304981,32,1.7777777777777777,817,0.03916768665850673,240.28999999999814,effect_80-85
704,91,Thalamus,VPL,46,0.19143534895334952,117,2.5434782608695654,898,0.13028953229398663,240.28999999999814,effect_80-85
705,93,Thalamus,VPL,68,0.2829913854092993,196,2.8823529411764706,1108,0.17689530685920576,240.28999999999814,effect_80-85
706,97,Thalamus,VPM,31,0.12901077864247468,73,2.3548387096774195,1357,0.05379513633014001,240.28999999999814,effect_80-85
707,102,Thalamus,VPM,50,0.20808190103624946,113,2.26,993,0.11379657603222558,240.28999999999814,effect_80-85
708,118,Other,CA3,0,0.0,0,0.0,0,0.0,240.28999999999814,effect_80-85
709,128,STR,LSr,4,0.016646552082899956,16,4.0,1121,0.014272970561998216,240.28999999999814,effect_80-85
710,131,STR,STR,0,0.0,0,0.0,901,0.0,240.28999999999814,effect_80-85
711,132,STR,STR,0,0.0,0,0.0,477,0.0,240.28999999999814,effect_80-85
712,135,Motor,MOs6a,225,0.9363685546631226,871,3.871111111111111,2605,0.3343570057581574,240.28999999999814,effect_80-85
713,137,Motor,MOs6a,50,0.20808190103624946,189,3.78,1169,0.16167664670658682,240.28999999999814,effect_80-85
714,139,Motor,MOs6a,100,0.4161638020724989,393,3.93,2348,0.16737649063032367,240.28999999999814,effect_80-85
715,140,Motor,MOs6a,29,0.12068750260102469,98,3.3793103448275863,954,0.10272536687631027,240.28999999999814,effect_80-85
716,141,Motor,MOs6a,30,0.12484914062174969,104,3.466666666666667,926,0.11231101511879049,240.28999999999814,effect_80-85
717,147,Motor,MOs6a,18,0.07490948437304981,60,3.3333333333333335,574,0.10452961672473868,240.28999999999814,effect_80-85
718,149,Motor,MOs6a,16,0.06658620833159982,50,3.125,570,0.08771929824561403,240.28999999999814,effect_80-85
719,150,Motor,MOs6a,60,0.24969828124349938,212,3.533333333333333,1552,0.13659793814432988,240.28999999999814,effect_80-85
720,152,Motor,MOs6a,14,0.05826293229014985,43,3.0714285714285716,480,0.08958333333333333,240.28999999999814,effect_80-85
721,157,STR,LSr,0,0.0,0,0.0,502,0.0,240.28999999999814,effect_80-85
722,3,Other,AMd,15,0.07963051441312238,51,3.4,1544,0.033031088082901554,188.3700000000017,effect_85-90
723,6,Other,AMd,10,0.05308700960874826,31,3.1,1687,0.018375815056312982,188.3700000000017,effect_85-90
724,8,Other,AMd,53,0.28136115092636577,188,3.547169811320755,746,0.2520107238605898,188.3700000000017,effect_85-90
725,9,Other,AMd,19,0.10086531825662169,65,3.4210526315789473,2141,0.03035964502568893,188.3700000000017,effect_85-90
726,10,Other,AMd,26,0.13802622498274547,95,3.6538461538461537,1102,0.08620689655172414,188.3700000000017,effect_85-90
727,13,Thalamus,IAD,33,0.17518713170886924,68,2.0606060606060606,620,0.10967741935483871,188.3700000000017,effect_85-90
728,14,Thalamus,IAD,16,0.0849392153739972,31,1.9375,1646,0.018833535844471446,188.3700000000017,effect_85-90
729,16,Thalamus,IAD,58,0.3079046557307399,141,2.4310344827586206,970,0.14536082474226805,188.3700000000017,effect_85-90
730,18,Thalamus,IAD,25,0.13271752402187065,43,1.72,1051,0.04091341579448145,188.3700000000017,effect_85-90
731,40,Thalamus,PO,29,0.15395232786536994,62,2.1379310344827585,1329,0.046651617757712566,188.3700000000017,effect_85-90
732,43,Thalamus,PO,35,0.1858045336306189,71,2.0285714285714285,1343,0.05286671630677588,188.3700000000017,effect_85-90
733,46,Thalamus,PO,45,0.23889154323936715,110,2.4444444444444446,1023,0.10752688172043011,188.3700000000017,effect_85-90
734,48,Thalamus,PO,24,0.12740882306099582,60,2.5,870,0.06896551724137931,188.3700000000017,effect_85-90
735,65,Other,VISp5,0,0.0,0,0.0,840,0.0,188.3700000000017,effect_85-90
736,66,Other,VISp5,3,0.015926102882624478,11,3.6666666666666665,2670,0.004119850187265918,188.3700000000017,effect_85-90
737,69,Thalamus,VPL,33,0.17518713170886924,66,2.0,481,0.13721413721413722,188.3700000000017,effect_85-90
738,77,Thalamus,VPL,10,0.05308700960874826,15,1.5,847,0.01770956316410862,188.3700000000017,effect_85-90
739,79,Thalamus,VPL,24,0.12740882306099582,55,2.2916666666666665,912,0.06030701754385965,188.3700000000017,effect_85-90
740,89,Thalamus,VPL,6,0.031852205765248956,11,1.8333333333333333,521,0.02111324376199616,188.3700000000017,effect_85-90
741,90,Thalamus,VPL,13,0.06901311249137274,24,1.8461538461538463,1014,0.023668639053254437,188.3700000000017,effect_85-90
742,91,Thalamus,VPL,25,0.13271752402187065,66,2.64,771,0.08560311284046693,188.3700000000017,effect_85-90
743,93,Thalamus,VPL,28,0.14864362690449512,60,2.142857142857143,975,0.06153846153846154,188.3700000000017,effect_85-90
744,97,Thalamus,VPM,22,0.11679142113924616,43,1.9545454545454546,1370,0.031386861313868614,188.3700000000017,effect_85-90
745,102,Thalamus,VPM,42,0.22296544035674268,84,2.0,1306,0.06431852986217458,188.3700000000017,effect_85-90
746,118,Other,CA3,0,0.0,0,0.0,0,0.0,188.3700000000017,effect_85-90
747,128,STR,LSr,5,0.02654350480437413,16,3.2,782,0.020460358056265986,188.3700000000017,effect_85-90
748,131,STR,STR,0,0.0,0,0.0,745,0.0,188.3700000000017,effect_85-90
749,132,STR,STR,0,0.0,0,0.0,523,0.0,188.3700000000017,effect_85-90
750,135,Motor,MOs6a,175,0.9290226681530945,666,3.8057142857142856,1980,0.33636363636363636,188.3700000000017,effect_85-90
751,137,Motor,MOs6a,33,0.17518713170886924,115,3.484848484848485,773,0.14877102199223805,188.3700000000017,effect_85-90
752,139,Motor,MOs6a,93,0.49370918936135877,416,4.473118279569892,1912,0.2175732217573222,188.3700000000017,effect_85-90
753,140,Motor,MOs6a,26,0.13802622498274547,91,3.5,696,0.1307471264367816,188.3700000000017,effect_85-90
754,141,Motor,MOs6a,17,0.09024791633487204,58,3.411764705882353,728,0.07967032967032966,188.3700000000017,effect_85-90
755,147,Motor,MOs6a,12,0.06370441153049791,40,3.3333333333333335,370,0.10810810810810811,188.3700000000017,effect_85-90
756,149,Motor,MOs6a,7,0.03716090672612378,23,3.2857142857142856,355,0.0647887323943662,188.3700000000017,effect_85-90
757,150,Motor,MOs6a,34,0.1804958326697441,117,3.4411764705882355,1169,0.10008554319931566,188.3700000000017,effect_85-90
758,152,Motor,MOs6a,7,0.03716090672612378,25,3.5714285714285716,341,0.07331378299120235,188.3700000000017,effect_85-90
759,157,STR,LSr,0,0.0,0,0.0,438,0.0,188.3700000000017,effect_85-90
760,3,Other,AMd,23,0.12002296091425838,89,3.869565217391304,1875,0.047466666666666664,191.63000000000557,effect_90-94
761,6,Other,AMd,21,0.10958618170432287,72,3.4285714285714284,1142,0.06304728546409807,191.63000000000557,effect_90-94
762,8,Other,AMd,68,0.35485049313780737,242,3.5588235294117645,1187,0.2038753159224937,191.63000000000557,effect_90-94
763,9,Other,AMd,14,0.07305745446954857,50,3.5714285714285716,1859,0.02689618074233459,191.63000000000557,effect_90-94
764,10,Other,AMd,37,0.19308041538380694,133,3.5945945945945947,1334,0.09970014992503748,191.63000000000557,effect_90-94
765,13,Thalamus,IAD,31,0.1617700777540004,59,1.903225806451613,847,0.06965761511216056,191.63000000000557,effect_90-94
766,14,Thalamus,IAD,20,0.10436779209935511,43,2.15,1345,0.03197026022304833,191.63000000000557,effect_90-94
767,16,Thalamus,IAD,69,0.3600688827427751,144,2.0869565217391304,1194,0.12060301507537688,191.63000000000557,effect_90-94
768,18,Thalamus,IAD,22,0.11480457130929062,43,1.9545454545454546,1073,0.04007455731593663,191.63000000000557,effect_90-94
769,40,Thalamus,PO,31,0.1617700777540004,64,2.064516129032258,1178,0.05432937181663837,191.63000000000557,effect_90-94
770,43,Thalamus,PO,42,0.21917236340864574,77,1.8333333333333333,1259,0.06115965051628276,191.63000000000557,effect_90-94
771,46,Thalamus,PO,63,0.3287585451129686,145,2.3015873015873014,913,0.1588170865279299,191.63000000000557,effect_90-94
772,48,Thalamus,PO,39,0.20351719459374246,79,2.0256410256410255,871,0.09070034443168772,191.63000000000557,effect_90-94
773,65,Other,VISp5,0,0.0,0,0.0,867,0.0,191.63000000000557,effect_90-94
774,66,Other,VISp5,9,0.0469655064447098,31,3.4444444444444446,2579,0.01202016285381931,191.63000000000557,effect_90-94
775,69,Thalamus,VPL,45,0.234827532223549,139,3.088888888888889,506,0.274703557312253,191.63000000000557,effect_90-94
776,77,Thalamus,VPL,18,0.0939310128894196,41,2.2777777777777777,958,0.04279749478079332,191.63000000000557,effect_90-94
777,79,Thalamus,VPL,47,0.2452643114334845,128,2.723404255319149,764,0.16753926701570682,191.63000000000557,effect_90-94
778,89,Thalamus,VPL,8,0.04174711683974204,14,1.75,504,0.027777777777777776,191.63000000000557,effect_90-94
779,90,Thalamus,VPL,5,0.026091948024838777,10,2.0,823,0.012150668286755772,191.63000000000557,effect_90-94
780,91,Thalamus,VPL,34,0.17742524656890368,86,2.5294117647058822,809,0.10630407911001236,191.63000000000557,effect_90-94
781,93,Thalamus,VPL,49,0.25570109064342,117,2.3877551020408165,1051,0.11132254995242626,191.63000000000557,effect_90-94
782,97,Thalamus,VPM,16,0.08349423367948408,33,2.0625,1144,0.028846153846153848,191.63000000000557,effect_90-94
783,102,Thalamus,VPM,39,0.20351719459374246,80,2.051282051282051,1305,0.06130268199233716,191.63000000000557,effect_90-94
784,118,Other,CA3,0,0.0,0,0.0,0,0.0,191.63000000000557,effect_90-94
785,128,STR,LSr,7,0.03652872723477429,21,3.0,858,0.024475524475524476,191.63000000000557,effect_90-94
786,131,STR,STR,0,0.0,0,0.0,727,0.0,191.63000000000557,effect_90-94
787,132,STR,STR,0,0.0,0,0.0,505,0.0,191.63000000000557,effect_90-94
788,135,Motor,MOs6a,164,0.8558158952147119,596,3.6341463414634148,1983,0.3005547150781644,191.63000000000557,effect_90-94
789,137,Motor,MOs6a,40,0.20873558419871022,139,3.475,875,0.15885714285714286,191.63000000000557,effect_90-94
790,139,Motor,MOs6a,107,0.5583676877315498,453,4.233644859813084,2128,0.21287593984962405,191.63000000000557,effect_90-94
791,140,Motor,MOs6a,25,0.1304597401241939,91,3.64,771,0.11802853437094682,191.63000000000557,effect_90-94
792,141,Motor,MOs6a,12,0.06262067525961307,39,3.25,642,0.06074766355140187,191.63000000000557,effect_90-94
793,147,Motor,MOs6a,23,0.12002296091425838,75,3.260869565217391,476,0.15756302521008403,191.63000000000557,effect_90-94
794,149,Motor,MOs6a,14,0.07305745446954857,46,3.2857142857142856,441,0.10430839002267574,191.63000000000557,effect_90-94
795,150,Motor,MOs6a,41,0.21395397380367798,143,3.4878048780487805,1174,0.12180579216354344,191.63000000000557,effect_90-94
796,152,Motor,MOs6a,8,0.04174711683974204,27,3.375,314,0.08598726114649681,191.63000000000557,effect_90-94
797,157,STR,LSr,1,0.005218389604967755,3,3.0,407,0.007371007371007371,191.63000000000557,effect_90-94
