,unit_id,brain_area,location,total_spikes,firing_rate,rest_duration,bin
0,3,Other,AMd,889,4.754519199914406,186.98000000000093,baseline_0-5
1,6,Other,AMd,1245,6.65846614611185,186.98000000000093,baseline_0-5
2,8,Other,AMd,132,0.7059578564552323,186.98000000000093,baseline_0-5
3,9,Other,AMd,1923,10.284522408813725,186.98000000000093,baseline_0-5
4,10,Other,AMd,196,1.0482404535244358,186.98000000000093,baseline_0-5
5,13,Thalamus,IAD,567,3.0324098834099753,186.98000000000093,baseline_0-5
6,14,Thalamus,IAD,880,4.706385709701549,186.98000000000093,baseline_0-5
7,16,Thalamus,IAD,471,2.51898598780617,186.98000000000093,baseline_0-5
8,18,Thalamus,IAD,317,1.6953684886083988,186.98000000000093,baseline_0-5
9,40,Thalamus,PO,697,3.727671408706795,186.98000000000093,baseline_0-5
10,43,Thalamus,PO,961,5.13958712161726,186.98000000000093,baseline_0-5
11,46,Thalamus,PO,1244,6.653117980532644,186.98000000000093,baseline_0-5
12,48,Thalamus,PO,802,4.289228794523457,186.98000000000093,baseline_0-5
13,65,Other,VISp5,361,1.9306877740934762,186.98000000000093,baseline_0-5
14,66,Other,VISp5,3028,16.194245373836694,186.98000000000093,baseline_0-5
15,69,Thalamus,VPL,275,1.4707455342817342,186.98000000000093,baseline_0-5
16,77,Thalamus,VPL,528,2.8238314258209294,186.98000000000093,baseline_0-5
17,79,Thalamus,VPL,571,3.0538025457268008,186.98000000000093,baseline_0-5
18,89,Thalamus,VPL,541,2.8933575783506114,186.98000000000093,baseline_0-5
19,90,Thalamus,VPL,1216,6.5033693443148675,186.98000000000093,baseline_0-5
20,91,Thalamus,VPL,600,3.2088993475237833,186.98000000000093,baseline_0-5
21,93,Thalamus,VPL,1712,9.156059471601194,186.98000000000093,baseline_0-5
22,97,Thalamus,VPM,1658,8.867258530324055,186.98000000000093,baseline_0-5
23,102,Thalamus,VPM,637,3.4067814739544167,186.98000000000093,baseline_0-5
24,118,Other,CA3,74,0.3957642528612666,186.98000000000093,baseline_0-5
25,128,STR,LSr,641,3.428174136271242,186.98000000000093,baseline_0-5
26,131,STR,STR,335,1.7916354690341123,186.98000000000093,baseline_0-5
27,132,STR,STR,766,4.09669483367203,186.98000000000093,baseline_0-5
28,135,Motor,MOs6a,1321,7.06492673013153,186.98000000000093,baseline_0-5
29,137,Motor,MOs6a,571,3.0538025457268008,186.98000000000093,baseline_0-5
30,139,Motor,MOs6a,1088,5.818804150176461,186.98000000000093,baseline_0-5
31,140,Motor,MOs6a,608,3.2516846721574337,186.98000000000093,baseline_0-5
32,141,Motor,MOs6a,610,3.2623810033158467,186.98000000000093,baseline_0-5
33,147,Motor,MOs6a,425,2.27297037116268,186.98000000000093,baseline_0-5
34,149,Motor,MOs6a,288,1.5402716868114161,186.98000000000093,baseline_0-5
35,150,Motor,MOs6a,360,1.92533960851427,186.98000000000093,baseline_0-5
36,152,Motor,MOs6a,310,1.6579313295539548,186.98000000000093,baseline_0-5
37,157,STR,LSr,208,1.1124184404749116,186.98000000000093,baseline_0-5
38,3,Other,AMd,797,4.569430111225799,174.41999999999916,baseline_5-10
39,6,Other,AMd,1430,8.198601077858083,174.41999999999916,baseline_5-10
40,8,Other,AMd,226,1.2957229675495991,174.41999999999916,baseline_5-10
41,9,Other,AMd,1548,8.875128998968052,174.41999999999916,baseline_5-10
42,10,Other,AMd,297,1.7027863777089864,174.41999999999916,baseline_5-10
43,13,Thalamus,IAD,506,2.901043458319014,174.41999999999916,baseline_5-10
44,14,Thalamus,IAD,1036,5.939685815846835,174.41999999999916,baseline_5-10
45,16,Thalamus,IAD,568,3.256507281275099,174.41999999999916,baseline_5-10
46,18,Thalamus,IAD,416,2.385047586285988,174.41999999999916,baseline_5-10
47,40,Thalamus,PO,677,3.881435615181764,174.41999999999916,baseline_5-10
48,43,Thalamus,PO,872,4.99942667125332,174.41999999999916,baseline_5-10
49,46,Thalamus,PO,1187,6.805412223368912,174.41999999999916,baseline_5-10
50,48,Thalamus,PO,725,4.156633413599378,174.41999999999916,baseline_5-10
51,65,Other,VISp5,486,2.7863777089783417,174.41999999999916,baseline_5-10
52,66,Other,VISp5,3415,19.579176699919827,174.41999999999916,baseline_5-10
53,69,Thalamus,VPL,317,1.817452127049659,174.41999999999916,baseline_5-10
54,77,Thalamus,VPL,484,2.7749111340442743,174.41999999999916,baseline_5-10
55,79,Thalamus,VPL,706,4.047700951725739,174.41999999999916,baseline_5-10
56,89,Thalamus,VPL,450,2.579979360165131,174.41999999999916,baseline_5-10
57,90,Thalamus,VPL,1356,7.774337805297595,174.41999999999916,baseline_5-10
58,91,Thalamus,VPL,477,2.734778121775039,174.41999999999916,baseline_5-10
59,93,Thalamus,VPL,1607,9.213392959523034,174.41999999999916,baseline_5-10
60,97,Thalamus,VPM,1648,9.448457745671414,174.41999999999916,baseline_5-10
61,102,Thalamus,VPM,860,4.930627221648917,174.41999999999916,baseline_5-10
62,118,Other,CA3,3,0.017199862401100875,174.41999999999916,baseline_5-10
63,128,STR,LSr,682,3.910102052516932,174.41999999999916,baseline_5-10
64,131,STR,STR,289,1.6569200779727176,174.41999999999916,baseline_5-10
65,132,STR,STR,640,3.6693039789015196,174.41999999999916,baseline_5-10
66,135,Motor,MOs6a,1242,7.120743034055762,174.41999999999916,baseline_5-10
67,137,Motor,MOs6a,523,2.9985093452585856,174.41999999999916,baseline_5-10
68,139,Motor,MOs6a,912,5.2287581699346655,174.41999999999916,baseline_5-10
69,140,Motor,MOs6a,537,3.0787753697970563,174.41999999999916,baseline_5-10
70,141,Motor,MOs6a,571,3.2737071436761997,174.41999999999916,baseline_5-10
71,147,Motor,MOs6a,436,2.49971333562666,174.41999999999916,baseline_5-10
72,149,Motor,MOs6a,284,1.6282536406375494,174.41999999999916,baseline_5-10
73,150,Motor,MOs6a,333,1.909184726522197,174.41999999999916,baseline_5-10
74,152,Motor,MOs6a,297,1.7027863777089864,174.41999999999916,baseline_5-10
75,157,STR,LSr,229,1.3129228299507,174.41999999999916,baseline_5-10
76,3,Other,AMd,1274,7.996485061511415,159.32000000000016,effect_0-5
77,6,Other,AMd,1357,8.517449158925425,159.32000000000016,effect_0-5
78,8,Other,AMd,223,1.3996987195581205,159.32000000000016,effect_0-5
79,9,Other,AMd,2057,12.911122269645983,159.32000000000016,effect_0-5
80,10,Other,AMd,414,2.598543811197587,159.32000000000016,effect_0-5
81,13,Thalamus,IAD,592,3.7157921164951,159.32000000000016,effect_0-5
82,14,Thalamus,IAD,1210,7.5947778056741075,159.32000000000016,effect_0-5
83,16,Thalamus,IAD,830,5.20964097414009,159.32000000000016,effect_0-5
84,18,Thalamus,IAD,515,3.232488074315839,159.32000000000016,effect_0-5
85,40,Thalamus,PO,990,6.213909113733361,159.32000000000016,effect_0-5
86,43,Thalamus,PO,1091,6.847853376851613,159.32000000000016,effect_0-5
87,46,Thalamus,PO,859,5.3916645744413705,159.32000000000016,effect_0-5
88,48,Thalamus,PO,846,5.310067788099417,159.32000000000016,effect_0-5
89,65,Other,VISp5,902,5.661561636957062,159.32000000000016,effect_0-5
90,66,Other,VISp5,3172,19.909615867436585,159.32000000000016,effect_0-5
91,69,Thalamus,VPL,557,3.4961084609590727,159.32000000000016,effect_0-5
92,77,Thalamus,VPL,831,5.215917650012548,159.32000000000016,effect_0-5
93,79,Thalamus,VPL,1121,7.036153653025351,159.32000000000016,effect_0-5
94,89,Thalamus,VPL,528,3.3140848606577924,159.32000000000016,effect_0-5
95,90,Thalamus,VPL,1914,12.013557619884496,159.32000000000016,effect_0-5
96,91,Thalamus,VPL,648,4.067285965352745,159.32000000000016,effect_0-5
97,93,Thalamus,VPL,2052,12.879738890283692,159.32000000000016,effect_0-5
98,97,Thalamus,VPM,2063,12.94878232488073,159.32000000000016,effect_0-5
99,102,Thalamus,VPM,1544,9.691187547075058,159.32000000000016,effect_0-5
100,118,Other,CA3,5,0.0313833793622897,159.32000000000016,effect_0-5
101,128,STR,LSr,514,3.226211398443381,159.32000000000016,effect_0-5
102,131,STR,STR,663,4.161436103439614,159.32000000000016,effect_0-5
103,132,STR,STR,184,1.154908360532261,159.32000000000016,effect_0-5
104,135,Motor,MOs6a,1463,9.182776801405966,159.32000000000016,effect_0-5
105,137,Motor,MOs6a,611,3.835048958071801,159.32000000000016,effect_0-5
106,139,Motor,MOs6a,1279,8.027868440873705,159.32000000000016,effect_0-5
107,140,Motor,MOs6a,505,3.16972131559126,159.32000000000016,effect_0-5
108,141,Motor,MOs6a,547,3.433341702234493,159.32000000000016,effect_0-5
109,147,Motor,MOs6a,420,2.636203866432335,159.32000000000016,effect_0-5
110,149,Motor,MOs6a,322,2.0210896309314568,159.32000000000016,effect_0-5
111,150,Motor,MOs6a,1076,6.753703238764743,159.32000000000016,effect_0-5
112,152,Motor,MOs6a,378,2.3725834797891014,159.32000000000016,effect_0-5
113,157,STR,LSr,301,1.8892794376098399,159.32000000000016,effect_0-5
114,3,Other,AMd,1277,7.886123633668722,161.93000000000302,effect_5-10
115,6,Other,AMd,1184,7.3118013956646575,161.93000000000302,effect_5-10
116,8,Other,AMd,358,2.2108318409188743,161.93000000000302,effect_5-10
117,9,Other,AMd,1748,10.794787871302214,161.93000000000302,effect_5-10
118,10,Other,AMd,395,2.439325634533395,161.93000000000302,effect_5-10
119,13,Thalamus,IAD,500,3.087753967763791,161.93000000000302,effect_5-10
120,14,Thalamus,IAD,896,5.533255110232713,161.93000000000302,effect_5-10
121,16,Thalamus,IAD,862,5.323287840424776,161.93000000000302,effect_5-10
122,18,Thalamus,IAD,438,2.7048724757610807,161.93000000000302,effect_5-10
123,40,Thalamus,PO,1138,7.027728030630389,161.93000000000302,effect_5-10
124,43,Thalamus,PO,1297,8.009633792379274,161.93000000000302,effect_5-10
125,46,Thalamus,PO,931,5.749397887976179,161.93000000000302,effect_5-10
126,48,Thalamus,PO,884,5.459149015006383,161.93000000000302,effect_5-10
127,65,Other,VISp5,903,5.5764836657814065,161.93000000000302,effect_5-10
128,66,Other,VISp5,3330,20.56444142530685,161.93000000000302,effect_5-10
129,69,Thalamus,VPL,357,2.2046563329833466,161.93000000000302,effect_5-10
130,77,Thalamus,VPL,832,5.138022602358948,161.93000000000302,effect_5-10
131,79,Thalamus,VPL,1062,6.558389427530292,161.93000000000302,effect_5-10
132,89,Thalamus,VPL,604,3.7300067930586596,161.93000000000302,effect_5-10
133,90,Thalamus,VPL,2261,13.962823442227863,161.93000000000302,effect_5-10
134,91,Thalamus,VPL,972,6.00259371333281,161.93000000000302,effect_5-10
135,93,Thalamus,VPL,2147,13.258815537577718,161.93000000000302,effect_5-10
136,97,Thalamus,VPM,1758,10.85654295065749,161.93000000000302,effect_5-10
137,102,Thalamus,VPM,1489,9.19533131600057,161.93000000000302,effect_5-10
138,118,Other,CA3,2,0.012351015871055164,161.93000000000302,effect_5-10
139,128,STR,LSr,498,3.0754029518927357,161.93000000000302,effect_5-10
140,131,STR,STR,711,4.390786142160111,161.93000000000302,effect_5-10
141,132,STR,STR,202,1.2474526029765716,161.93000000000302,effect_5-10
142,135,Motor,MOs6a,1459,9.010066077934741,161.93000000000302,effect_5-10
143,137,Motor,MOs6a,642,3.964676094608708,161.93000000000302,effect_5-10
144,139,Motor,MOs6a,1173,7.243870808373853,161.93000000000302,effect_5-10
145,140,Motor,MOs6a,518,3.1989131106032875,161.93000000000302,effect_5-10
146,141,Motor,MOs6a,504,3.1124559995059013,161.93000000000302,effect_5-10
147,147,Motor,MOs6a,408,2.5196072376952534,161.93000000000302,effect_5-10
148,149,Motor,MOs6a,342,2.112023713950433,161.93000000000302,effect_5-10
149,150,Motor,MOs6a,792,4.891002284937845,161.93000000000302,effect_5-10
150,152,Motor,MOs6a,390,2.408448094855757,161.93000000000302,effect_5-10
151,157,STR,LSr,304,1.877354412400385,161.93000000000302,effect_5-10
152,3,Other,AMd,1210,6.617807919492595,182.83999999999605,effect_10-15
153,6,Other,AMd,1452,7.9413695033911145,182.83999999999605,effect_10-15
154,8,Other,AMd,397,2.171297309122777,182.83999999999605,effect_10-15
155,9,Other,AMd,1745,9.543863487202131,182.83999999999605,effect_10-15
156,10,Other,AMd,503,2.751039159921302,182.83999999999605,effect_10-15
157,13,Thalamus,IAD,639,3.4948588930212963,182.83999999999605,effect_10-15
158,14,Thalamus,IAD,929,5.080945088602166,182.83999999999605,effect_10-15
159,16,Thalamus,IAD,744,4.069131481076439,182.83999999999605,effect_10-15
160,18,Thalamus,IAD,539,2.947932618683065,182.83999999999605,effect_10-15
161,40,Thalamus,PO,983,5.376285276744811,182.83999999999605,effect_10-15
162,43,Thalamus,PO,1371,7.4983592211771475,182.83999999999605,effect_10-15
163,46,Thalamus,PO,926,5.064537300372019,182.83999999999605,effect_10-15
164,48,Thalamus,PO,955,5.223145919930106,182.83999999999605,effect_10-15
165,65,Other,VISp5,1108,6.0599431196676,182.83999999999605,effect_10-15
166,66,Other,VISp5,3582,19.590899146795437,182.83999999999605,effect_10-15
167,69,Thalamus,VPL,618,3.3800043754102678,182.83999999999605,effect_10-15
168,77,Thalamus,VPL,905,4.94968278276099,182.83999999999605,effect_10-15
169,79,Thalamus,VPL,1306,7.142857142857297,182.83999999999605,effect_10-15
170,89,Thalamus,VPL,657,3.5933056224021778,182.83999999999605,effect_10-15
171,90,Thalamus,VPL,1788,9.779041785167571,182.83999999999605,effect_10-15
172,91,Thalamus,VPL,507,2.7729162108948313,182.83999999999605,effect_10-15
173,93,Thalamus,VPL,1965,10.74710129074624,182.83999999999605,effect_10-15
174,97,Thalamus,VPM,1504,8.225771166046995,182.83999999999605,effect_10-15
175,102,Thalamus,VPM,1168,6.388098884270538,182.83999999999605,effect_10-15
176,118,Other,CA3,3,0.01640778823014693,182.83999999999605,effect_10-15
177,128,STR,LSr,690,3.773791292933794,182.83999999999605,effect_10-15
178,131,STR,STR,589,3.2213957558521806,182.83999999999605,effect_10-15
179,132,STR,STR,122,0.6672500546926419,182.83999999999605,effect_10-15
180,135,Motor,MOs6a,1851,10.123605338000656,182.83999999999605,effect_10-15
181,137,Motor,MOs6a,766,4.18945526143085,182.83999999999605,effect_10-15
182,139,Motor,MOs6a,1419,7.7608838328594985,182.83999999999605,effect_10-15
183,140,Motor,MOs6a,591,3.2323342813389453,182.83999999999605,effect_10-15
184,141,Motor,MOs6a,670,3.6644060380661476,182.83999999999605,effect_10-15
185,147,Motor,MOs6a,553,3.0245022970904176,182.83999999999605,effect_10-15
186,149,Motor,MOs6a,461,2.521330124699245,182.83999999999605,effect_10-15
187,150,Motor,MOs6a,1256,6.869394005688181,182.83999999999605,effect_10-15
188,152,Motor,MOs6a,539,2.947932618683065,182.83999999999605,effect_10-15
189,157,STR,LSr,363,1.9853423758477786,182.83999999999605,effect_10-15
190,3,Other,AMd,1079,7.1718178796942595,150.44999999999982,effect_15-20
191,6,Other,AMd,1362,9.052841475573292,150.44999999999982,effect_15-20
192,8,Other,AMd,397,2.6387504154204087,150.44999999999982,effect_15-20
193,9,Other,AMd,1426,9.478231970754415,150.44999999999982,effect_15-20
194,10,Other,AMd,472,3.1372549019607883,150.44999999999982,effect_15-20
195,13,Thalamus,IAD,481,3.1970754403456336,150.44999999999982,effect_15-20
196,14,Thalamus,IAD,713,4.739115985377207,150.44999999999982,effect_15-20
197,16,Thalamus,IAD,548,3.6424061149883724,150.44999999999982,effect_15-20
198,18,Thalamus,IAD,395,2.6254569624459987,150.44999999999982,effect_15-20
199,40,Thalamus,PO,937,6.227982718511141,150.44999999999982,effect_15-20
200,43,Thalamus,PO,1162,7.7234961781322795,150.44999999999982,effect_15-20
201,46,Thalamus,PO,751,4.991691591891,150.44999999999982,effect_15-20
202,48,Thalamus,PO,781,5.191093386507151,150.44999999999982,effect_15-20
203,65,Other,VISp5,882,5.862412761714863,150.44999999999982,effect_15-20
204,66,Other,VISp5,2839,18.870056497175163,150.44999999999982,effect_15-20
205,69,Thalamus,VPL,650,4.320372216683289,150.44999999999982,effect_15-20
206,77,Thalamus,VPL,713,4.739115985377207,150.44999999999982,effect_15-20
207,79,Thalamus,VPL,1104,7.337986041874386,150.44999999999982,effect_15-20
208,89,Thalamus,VPL,441,2.9312063808574313,150.44999999999982,effect_15-20
209,90,Thalamus,VPL,1250,8.308408109006324,150.44999999999982,effect_15-20
210,91,Thalamus,VPL,505,3.356596876038555,150.44999999999982,effect_15-20
211,93,Thalamus,VPL,1737,11.545363908275188,150.44999999999982,effect_15-20
212,97,Thalamus,VPM,1341,8.913260219341986,150.44999999999982,effect_15-20
213,102,Thalamus,VPM,929,6.1748089066135,150.44999999999982,effect_15-20
214,118,Other,CA3,1,0.00664672648720506,150.44999999999982,effect_15-20
215,128,STR,LSr,684,4.54636091724826,150.44999999999982,effect_15-20
216,131,STR,STR,523,3.4762379528082463,150.44999999999982,effect_15-20
217,132,STR,STR,105,0.6979062811565313,150.44999999999982,effect_15-20
218,135,Motor,MOs6a,1520,10.10302426055169,150.44999999999982,effect_15-20
219,137,Motor,MOs6a,663,4.406779661016954,150.44999999999982,effect_15-20
220,139,Motor,MOs6a,1118,7.431040212695256,150.44999999999982,effect_15-20
221,140,Motor,MOs6a,474,3.1505483549351982,150.44999999999982,effect_15-20
222,141,Motor,MOs6a,553,3.675639747424398,150.44999999999982,effect_15-20
223,147,Motor,MOs6a,473,3.1439016284479933,150.44999999999982,effect_15-20
224,149,Motor,MOs6a,386,2.565636424061153,150.44999999999982,effect_15-20
225,150,Motor,MOs6a,945,6.281156530408781,150.44999999999982,effect_15-20
226,152,Motor,MOs6a,495,3.2901296111665044,150.44999999999982,effect_15-20
227,157,STR,LSr,273,1.8145563310069812,150.44999999999982,effect_15-20
228,3,Other,AMd,1116,7.147889579196943,156.12999999999738,effect_20-25
229,6,Other,AMd,965,6.180746813552912,156.12999999999738,effect_20-25
230,8,Other,AMd,375,2.4018446166656395,156.12999999999738,effect_20-25
231,9,Other,AMd,1761,11.279062319861843,156.12999999999738,effect_20-25
232,10,Other,AMd,455,2.9142381348876425,156.12999999999738,effect_20-25
233,13,Thalamus,IAD,356,2.2801511560879137,156.12999999999738,effect_20-25
234,14,Thalamus,IAD,1053,6.744379683597115,156.12999999999738,effect_20-25
235,16,Thalamus,IAD,548,3.5098955998207213,156.12999999999738,effect_20-25
236,18,Thalamus,IAD,507,3.2472939217319445,156.12999999999738,effect_20-25
237,40,Thalamus,PO,1136,7.275987958752443,156.12999999999738,effect_20-25
238,43,Thalamus,PO,1515,9.703452251329184,156.12999999999738,effect_20-25
239,46,Thalamus,PO,781,5.002241721642305,156.12999999999738,effect_20-25
240,48,Thalamus,PO,850,5.444181131108783,156.12999999999738,effect_20-25
241,65,Other,VISp5,989,6.334464869019513,156.12999999999738,effect_20-25
242,66,Other,VISp5,3015,19.310830717991742,156.12999999999738,effect_20-25
243,69,Thalamus,VPL,629,4.028694037020499,156.12999999999738,effect_20-25
244,77,Thalamus,VPL,793,5.0791007493756055,156.12999999999738,effect_20-25
245,79,Thalamus,VPL,1265,8.102222506885424,156.12999999999738,effect_20-25
246,89,Thalamus,VPL,405,2.5939921859988906,156.12999999999738,effect_20-25
247,90,Thalamus,VPL,2119,13.572023313905307,156.12999999999738,effect_20-25
248,91,Thalamus,VPL,484,3.0999807852431185,156.12999999999738,effect_20-25
249,93,Thalamus,VPL,1818,11.64414270159502,156.12999999999738,effect_20-25
250,97,Thalamus,VPM,1264,8.095817587907648,156.12999999999738,effect_20-25
251,102,Thalamus,VPM,1539,9.857170306795785,156.12999999999738,effect_20-25
252,118,Other,CA3,1,0.006404918977775039,156.12999999999738,effect_20-25
253,128,STR,LSr,577,3.6956382501761973,156.12999999999738,effect_20-25
254,131,STR,STR,685,4.387369499775901,156.12999999999738,effect_20-25
255,132,STR,STR,198,1.2681739575994577,156.12999999999738,effect_20-25
256,135,Motor,MOs6a,1513,9.690642413373633,156.12999999999738,effect_20-25
257,137,Motor,MOs6a,591,3.7853071158650478,156.12999999999738,effect_20-25
258,139,Motor,MOs6a,1212,7.762761801063347,156.12999999999738,effect_20-25
259,140,Motor,MOs6a,529,3.3882021392429955,156.12999999999738,effect_20-25
260,141,Motor,MOs6a,513,3.285723435598595,156.12999999999738,effect_20-25
261,147,Motor,MOs6a,428,2.7413053224877166,156.12999999999738,effect_20-25
262,149,Motor,MOs6a,397,2.5427528341766905,156.12999999999738,effect_20-25
263,150,Motor,MOs6a,1232,7.890860180618848,156.12999999999738,effect_20-25
264,152,Motor,MOs6a,454,2.9078332159098674,156.12999999999738,effect_20-25
265,157,STR,LSr,274,1.7549477999103607,156.12999999999738,effect_20-25
266,3,Other,AMd,1073,7.135731861408358,150.37000000000353,effect_25-30
267,6,Other,AMd,1183,7.867260756799709,150.37000000000353,effect_25-30
268,8,Other,AMd,535,3.557890536676115,150.37000000000353,effect_25-30
269,9,Other,AMd,1609,10.70027266076985,150.37000000000353,effect_25-30
270,10,Other,AMd,480,3.19212608898044,150.37000000000353,effect_25-30
271,13,Thalamus,IAD,481,3.1987763516658156,150.37000000000353,effect_25-30
272,14,Thalamus,IAD,844,5.612821706457273,150.37000000000353,effect_25-30
273,16,Thalamus,IAD,580,3.8571523575180313,150.37000000000353,effect_25-30
274,18,Thalamus,IAD,470,3.1256234621266805,150.37000000000353,effect_25-30
275,40,Thalamus,PO,1056,7.0226773957569675,150.37000000000353,effect_25-30
276,43,Thalamus,PO,1397,9.290416971470155,150.37000000000353,effect_25-30
277,46,Thalamus,PO,703,4.675134667819269,150.37000000000353,effect_25-30
278,48,Thalamus,PO,718,4.774888608099908,150.37000000000353,effect_25-30
279,65,Other,VISp5,899,5.978586154152949,150.37000000000353,effect_25-30
280,66,Other,VISp5,2603,17.310633770033512,150.37000000000353,effect_25-30
281,69,Thalamus,VPL,585,3.8904036709449112,150.37000000000353,effect_25-30
282,77,Thalamus,VPL,562,3.737447629181265,150.37000000000353,effect_25-30
283,79,Thalamus,VPL,810,5.386712775154492,150.37000000000353,effect_25-30
284,89,Thalamus,VPL,406,2.700006650262622,150.37000000000353,effect_25-30
285,90,Thalamus,VPL,1353,8.997805413313614,150.37000000000353,effect_25-30
286,91,Thalamus,VPL,525,3.491387909822356,150.37000000000353,effect_25-30
287,93,Thalamus,VPL,1458,9.696082995278086,150.37000000000353,effect_25-30
288,97,Thalamus,VPM,1174,7.807408392631325,150.37000000000353,effect_25-30
289,102,Thalamus,VPM,886,5.892132739243062,150.37000000000353,effect_25-30
290,118,Other,CA3,0,0.0,150.37000000000353,effect_25-30
291,128,STR,LSr,627,4.169714703730699,150.37000000000353,effect_25-30
292,131,STR,STR,580,3.8571523575180313,150.37000000000353,effect_25-30
293,132,STR,STR,302,2.0083793309835265,150.37000000000353,effect_25-30
294,135,Motor,MOs6a,1574,10.467513466781693,150.37000000000353,effect_25-30
295,137,Motor,MOs6a,724,4.814790184212163,150.37000000000353,effect_25-30
296,139,Motor,MOs6a,1294,8.605439914876436,150.37000000000353,effect_25-30
297,140,Motor,MOs6a,612,4.0699607634500605,150.37000000000353,effect_25-30
298,141,Motor,MOs6a,642,4.269468644011338,150.37000000000353,effect_25-30
299,147,Motor,MOs6a,425,2.8263616412847643,150.37000000000353,effect_25-30
300,149,Motor,MOs6a,373,2.4805479816452167,150.37000000000353,effect_25-30
301,150,Motor,MOs6a,913,6.071689831748212,150.37000000000353,effect_25-30
302,152,Motor,MOs6a,393,2.613553235352735,150.37000000000353,effect_25-30
303,157,STR,LSr,289,1.9219259160736397,150.37000000000353,effect_25-30
304,3,Other,AMd,708,7.515841387296846,94.20103000000108,effect_30-35
305,6,Other,AMd,608,6.454281869317066,94.20103000000108,effect_30-35
306,8,Other,AMd,485,5.148563662201936,94.20103000000108,effect_30-35
307,9,Other,AMd,983,10.435130061741242,94.20103000000108,effect_30-35
308,10,Other,AMd,416,4.416087594795887,94.20103000000108,effect_30-35
309,13,Thalamus,IAD,285,3.0254446262423746,94.20103000000108,effect_30-35
310,14,Thalamus,IAD,596,6.326894727159492,94.20103000000108,effect_30-35
311,16,Thalamus,IAD,458,4.861942592347395,94.20103000000108,effect_30-35
312,18,Thalamus,IAD,336,3.566839980412063,94.20103000000108,effect_30-35
313,40,Thalamus,PO,672,7.133679960824126,94.20103000000108,effect_30-35
314,43,Thalamus,PO,907,9.62834482807661,94.20103000000108,effect_30-35
315,46,Thalamus,PO,434,4.607168308032247,94.20103000000108,effect_30-35
316,48,Thalamus,PO,502,5.329028780258499,94.20103000000108,effect_30-35
317,65,Other,VISp5,507,5.382106756157488,94.20103000000108,effect_30-35
318,66,Other,VISp5,1501,15.934008364876506,94.20103000000108,effect_30-35
319,69,Thalamus,VPL,398,4.225006881559526,94.20103000000108,effect_30-35
320,77,Thalamus,VPL,532,5.647496635652432,94.20103000000108,effect_30-35
321,79,Thalamus,VPL,678,7.197373531902913,94.20103000000108,effect_30-35
322,89,Thalamus,VPL,236,2.505280462432282,94.20103000000108,effect_30-35
323,90,Thalamus,VPL,1053,11.17822172432709,94.20103000000108,effect_30-35
324,91,Thalamus,VPL,307,3.2589877201979265,94.20103000000108,effect_30-35
325,93,Thalamus,VPL,1064,11.294993271304865,94.20103000000108,effect_30-35
326,97,Thalamus,VPM,788,8.365089001680671,94.20103000000108,effect_30-35
327,102,Thalamus,VPM,853,9.055102688367528,94.20103000000108,effect_30-35
328,118,Other,CA3,0,0.0,94.20103000000108,effect_30-35
329,128,STR,LSr,273,2.898057484084801,94.20103000000108,effect_30-35
330,131,STR,STR,424,4.50101235623427,94.20103000000108,effect_30-35
331,132,STR,STR,185,1.963885108262594,94.20103000000108,effect_30-35
332,135,Motor,MOs6a,940,9.978659469009937,94.20103000000108,effect_30-35
333,137,Motor,MOs6a,427,4.532859141773663,94.20103000000108,effect_30-35
334,139,Motor,MOs6a,827,8.779097213692786,94.20103000000108,effect_30-35
335,140,Motor,MOs6a,334,3.545608790052467,94.20103000000108,effect_30-35
336,141,Motor,MOs6a,366,3.885307835805997,94.20103000000108,effect_30-35
337,147,Motor,MOs6a,230,2.4415868913534955,94.20103000000108,effect_30-35
338,149,Motor,MOs6a,206,2.186812607038348,94.20103000000108,effect_30-35
339,150,Motor,MOs6a,902,9.57526685217762,94.20103000000108,effect_30-35
340,152,Motor,MOs6a,229,2.4309712961736976,94.20103000000108,effect_30-35
341,157,STR,LSr,183,1.9426539179029985,94.20103000000108,effect_30-35
342,3,Other,AMd,821,8.797894677737569,93.31777999996757,effect_35-40
343,6,Other,AMd,691,7.404805386500195,93.31777999996757,effect_35-40
344,8,Other,AMd,617,6.611816097641997,93.31777999996757,effect_35-40
345,9,Other,AMd,1171,12.548519692607421,93.31777999996757,effect_35-40
346,10,Other,AMd,292,3.129092869548563,93.31777999996757,effect_35-40
347,13,Thalamus,IAD,544,5.829542880254857,93.31777999996757,effect_35-40
348,14,Thalamus,IAD,778,8.33710360448213,93.31777999996757,effect_35-40
349,16,Thalamus,IAD,537,5.754530379957459,93.31777999996757,effect_35-40
350,18,Thalamus,IAD,378,4.050675016059441,93.31777999996757,effect_35-40
351,40,Thalamus,PO,716,7.672707173276613,93.31777999996757,effect_35-40
352,43,Thalamus,PO,1019,10.9196768290068,93.31777999996757,effect_35-40
353,46,Thalamus,PO,457,4.8972446622729215,93.31777999996757,effect_35-40
354,48,Thalamus,PO,410,4.393589303133256,93.31777999996757,effect_35-40
355,65,Other,VISp5,479,5.13299823463617,93.31777999996757,effect_35-40
356,66,Other,VISp5,1497,16.041958992171914,93.31777999996757,effect_35-40
357,69,Thalamus,VPL,388,4.1578357307700085,93.31777999996757,effect_35-40
358,77,Thalamus,VPL,508,5.4437643072968145,93.31777999996757,effect_35-40
359,79,Thalamus,VPL,573,6.140308952915501,93.31777999996757,effect_35-40
360,89,Thalamus,VPL,200,2.143214294211344,93.31777999996757,effect_35-40
361,90,Thalamus,VPL,998,10.694639328114608,93.31777999996757,effect_35-40
362,91,Thalamus,VPL,361,3.8685018010514765,93.31777999996757,effect_35-40
363,93,Thalamus,VPL,989,10.598194684875098,93.31777999996757,effect_35-40
364,97,Thalamus,VPM,851,9.11937682186927,93.31777999996757,effect_35-40
365,102,Thalamus,VPM,672,7.201200028550117,93.31777999996757,effect_35-40
366,118,Other,CA3,0,0.0,93.31777999996757,effect_35-40
367,128,STR,LSr,316,3.386278584853924,93.31777999996757,effect_35-40
368,131,STR,STR,439,4.7043553757939005,93.31777999996757,effect_35-40
369,132,STR,STR,237,2.5397089386404432,93.31777999996757,effect_35-40
370,135,Motor,MOs6a,966,10.351725041040794,93.31777999996757,effect_35-40
371,137,Motor,MOs6a,446,4.779367876091298,93.31777999996757,effect_35-40
372,139,Motor,MOs6a,938,10.051675039851204,93.31777999996757,effect_35-40
373,140,Motor,MOs6a,341,3.6541803716303423,93.31777999996757,effect_35-40
374,141,Motor,MOs6a,339,3.6327482286882287,93.31777999996757,effect_35-40
375,147,Motor,MOs6a,261,2.796894653945804,93.31777999996757,effect_35-40
376,149,Motor,MOs6a,208,2.228942865979798,93.31777999996757,effect_35-40
377,150,Motor,MOs6a,611,6.547519668815657,93.31777999996757,effect_35-40
378,152,Motor,MOs6a,254,2.7218821536484072,93.31777999996757,effect_35-40
379,157,STR,LSr,195,2.089633936856061,93.31777999996757,effect_35-40
380,3,Other,AMd,947,8.04561754702544,117.70382999998765,effect_40-45
381,6,Other,AMd,624,5.301441762770723,117.70382999998765,effect_40-45
382,8,Other,AMd,650,5.522335169552837,117.70382999998765,effect_40-45
383,9,Other,AMd,1048,8.903703473371342,117.70382999998765,effect_40-45
384,10,Other,AMd,574,4.876646749728197,117.70382999998765,effect_40-45
385,13,Thalamus,IAD,446,3.789171516339331,117.70382999998765,effect_40-45
386,14,Thalamus,IAD,599,5.08904425624946,117.70382999998765,effect_40-45
387,16,Thalamus,IAD,572,4.8596549492064955,117.70382999998765,effect_40-45
388,18,Thalamus,IAD,466,3.959089521556341,117.70382999998765,effect_40-45
389,40,Thalamus,PO,750,6.371925195637888,117.70382999998765,effect_40-45
390,43,Thalamus,PO,1072,9.107605079631755,117.70382999998765,effect_40-45
391,46,Thalamus,PO,481,4.086528025469099,117.70382999998765,effect_40-45
392,48,Thalamus,PO,543,4.613273841641831,117.70382999998765,effect_40-45
393,65,Other,VISp5,607,5.157011458336264,117.70382999998765,effect_40-45
394,66,Other,VISp5,1910,16.227169498224487,117.70382999998765,effect_40-45
395,69,Thalamus,VPL,403,3.4238478051227585,117.70382999998765,effect_40-45
396,77,Thalamus,VPL,483,4.1035198259908,117.70382999998765,effect_40-45
397,79,Thalamus,VPL,550,4.672745143467784,117.70382999998765,effect_40-45
398,89,Thalamus,VPL,272,2.3108848709513405,117.70382999998765,effect_40-45
399,90,Thalamus,VPL,1076,9.141588680675156,117.70382999998765,effect_40-45
400,91,Thalamus,VPL,323,2.744175784254717,117.70382999998765,effect_40-45
401,93,Thalamus,VPL,824,7.000621814940827,117.70382999998765,effect_40-45
402,97,Thalamus,VPM,682,5.794203977900053,117.70382999998765,effect_40-45
403,102,Thalamus,VPM,550,4.672745143467784,117.70382999998765,effect_40-45
404,118,Other,CA3,0,0.0,117.70382999998765,effect_40-45
405,128,STR,LSr,555,4.715224644772037,117.70382999998765,effect_40-45
406,131,STR,STR,506,4.298925531990362,117.70382999998765,effect_40-45
407,132,STR,STR,316,2.6847044824287636,117.70382999998765,effect_40-45
408,135,Motor,MOs6a,1288,10.942719535975467,117.70382999998765,effect_40-45
409,137,Motor,MOs6a,560,4.75770414607629,117.70382999998765,effect_40-45
410,139,Motor,MOs6a,1192,10.127113110933816,117.70382999998765,effect_40-45
411,140,Motor,MOs6a,391,3.3218970019925522,117.70382999998765,effect_40-45
412,141,Motor,MOs6a,457,3.8826264192086866,117.70382999998765,effect_40-45
413,147,Motor,MOs6a,377,3.202954398340645,117.70382999998765,effect_40-45
414,149,Motor,MOs6a,280,2.378852073038145,117.70382999998765,effect_40-45
415,150,Motor,MOs6a,740,6.286966193029383,117.70382999998765,effect_40-45
416,152,Motor,MOs6a,305,2.591249579559408,117.70382999998765,effect_40-45
417,157,STR,LSr,239,2.0305201623432736,117.70382999998765,effect_40-45
418,3,Other,AMd,1132,7.060878243512986,160.3199999999997,effect_45-50
419,6,Other,AMd,920,5.7385229540918266,160.3199999999997,effect_45-50
420,8,Other,AMd,853,5.32060878243514,160.3199999999997,effect_45-50
421,9,Other,AMd,1247,7.778193612774465,160.3199999999997,effect_45-50
422,10,Other,AMd,587,3.6614271457085894,160.3199999999997,effect_45-50
423,13,Thalamus,IAD,517,3.2248003992016026,160.3199999999997,effect_45-50
424,14,Thalamus,IAD,813,5.071107784431147,160.3199999999997,effect_45-50
425,16,Thalamus,IAD,654,4.079341317365277,160.3199999999997,effect_45-50
426,18,Thalamus,IAD,573,3.574101796407192,160.3199999999997,effect_45-50
427,40,Thalamus,PO,1010,6.29990019960081,160.3199999999997,effect_45-50
428,43,Thalamus,PO,1315,8.202345309381252,160.3199999999997,effect_45-50
429,46,Thalamus,PO,689,4.297654690618771,160.3199999999997,effect_45-50
430,48,Thalamus,PO,700,4.3662674650698685,160.3199999999997,effect_45-50
431,65,Other,VISp5,800,4.99001996007985,160.3199999999997,effect_45-50
432,66,Other,VISp5,2455,15.313123752495038,160.3199999999997,effect_45-50
433,69,Thalamus,VPL,581,3.6240019960079906,160.3199999999997,effect_45-50
434,77,Thalamus,VPL,499,3.112524950099806,160.3199999999997,effect_45-50
435,79,Thalamus,VPL,839,5.233283433133742,160.3199999999997,effect_45-50
436,89,Thalamus,VPL,358,2.2330339321357324,160.3199999999997,effect_45-50
437,90,Thalamus,VPL,1346,8.395708582834347,160.3199999999997,effect_45-50
438,91,Thalamus,VPL,441,2.750748502994017,160.3199999999997,effect_45-50
439,93,Thalamus,VPL,1025,6.393463073852307,160.3199999999997,effect_45-50
440,97,Thalamus,VPM,956,5.96307385229542,160.3199999999997,effect_45-50
441,102,Thalamus,VPM,762,4.752994011976057,160.3199999999997,effect_45-50
442,118,Other,CA3,0,0.0,160.3199999999997,effect_45-50
443,128,STR,LSr,734,4.578343313373262,160.3199999999997,effect_45-50
444,131,STR,STR,718,4.478542914171665,160.3199999999997,effect_45-50
445,132,STR,STR,318,1.98353293413174,160.3199999999997,effect_45-50
446,135,Motor,MOs6a,1798,11.215069860279462,160.3199999999997,effect_45-50
447,137,Motor,MOs6a,734,4.578343313373262,160.3199999999997,effect_45-50
448,139,Motor,MOs6a,1543,9.62450099800401,160.3199999999997,effect_45-50
449,140,Motor,MOs6a,611,3.811127744510985,160.3199999999997,effect_45-50
450,141,Motor,MOs6a,667,4.160429141716574,160.3199999999997,effect_45-50
451,147,Motor,MOs6a,461,2.875499001996013,160.3199999999997,effect_45-50
452,149,Motor,MOs6a,370,2.30788423153693,160.3199999999997,effect_45-50
453,150,Motor,MOs6a,788,4.915169660678652,160.3199999999997,effect_45-50
454,152,Motor,MOs6a,399,2.488772455089825,160.3199999999997,effect_45-50
455,157,STR,LSr,345,2.151946107784435,160.3199999999997,effect_45-50
456,3,Other,AMd,1479,7.199883166196211,205.41999999999643,effect_50-55
457,6,Other,AMd,1854,9.025411352351437,205.41999999999643,effect_50-55
458,8,Other,AMd,571,2.779670918119024,205.41999999999643,effect_50-55
459,9,Other,AMd,2045,9.955213708499832,205.41999999999643,effect_50-55
460,10,Other,AMd,761,3.7046051991043383,205.41999999999643,effect_50-55
461,13,Thalamus,IAD,699,3.402784538993341,205.41999999999643,effect_50-55
462,14,Thalamus,IAD,1422,6.9224028819006165,205.41999999999643,effect_50-55
463,16,Thalamus,IAD,909,4.425080323240268,205.41999999999643,effect_50-55
464,18,Thalamus,IAD,857,4.171940414760076,205.41999999999643,effect_50-55
465,40,Thalamus,PO,1335,6.498880342712604,205.41999999999643,effect_50-55
466,43,Thalamus,PO,1689,8.222178950443137,205.41999999999643,effect_50-55
467,46,Thalamus,PO,1055,5.135819297050036,205.41999999999643,effect_50-55
468,48,Thalamus,PO,910,4.429948398403348,205.41999999999643,effect_50-55
469,65,Other,VISp5,1035,5.038457793788424,205.41999999999643,effect_50-55
470,66,Other,VISp5,3112,15.149449907506835,205.41999999999643,effect_50-55
471,69,Thalamus,VPL,930,4.52730990166496,205.41999999999643,effect_50-55
472,77,Thalamus,VPL,1131,5.505793009444162,205.41999999999643,effect_50-55
473,79,Thalamus,VPL,1330,6.4745399668972015,205.41999999999643,effect_50-55
474,89,Thalamus,VPL,643,3.1301723298608275,205.41999999999643,effect_50-55
475,90,Thalamus,VPL,1454,7.078181287119196,205.41999999999643,effect_50-55
476,91,Thalamus,VPL,1039,5.057930094440746,205.41999999999643,effect_50-55
477,93,Thalamus,VPL,1649,8.027455943919913,205.41999999999643,effect_50-55
478,97,Thalamus,VPM,1593,7.7548437347874,205.41999999999643,effect_50-55
479,102,Thalamus,VPM,1266,6.162983156460043,205.41999999999643,effect_50-55
480,118,Other,CA3,0,0.0,205.41999999999643,effect_50-55
481,128,STR,LSr,864,4.20601694090164,205.41999999999643,effect_50-55
482,131,STR,STR,971,4.726900983351265,205.41999999999643,effect_50-55
483,132,STR,STR,408,1.9861746665368858,205.41999999999643,effect_50-55
484,135,Motor,MOs6a,2230,10.855807613669743,205.41999999999643,effect_50-55
485,137,Motor,MOs6a,861,4.191412715412398,205.41999999999643,effect_50-55
486,139,Motor,MOs6a,1835,8.932917924252905,205.41999999999643,effect_50-55
487,140,Motor,MOs6a,728,3.5439587187226786,205.41999999999643,effect_50-55
488,141,Motor,MOs6a,765,3.724077499756661,205.41999999999643,effect_50-55
489,147,Motor,MOs6a,576,2.804011293934427,205.41999999999643,effect_50-55
490,149,Motor,MOs6a,413,2.0105150423522886,205.41999999999643,effect_50-55
491,150,Motor,MOs6a,979,4.76584558465591,205.41999999999643,effect_50-55
492,152,Motor,MOs6a,515,2.50705870898651,205.41999999999643,effect_50-55
493,157,STR,LSr,518,2.521662934475752,205.41999999999643,effect_50-55
494,3,Other,AMd,1171,7.391276904626508,158.43000000000302,effect_55-60
495,6,Other,AMd,1083,6.835826548002142,158.43000000000302,effect_55-60
496,8,Other,AMd,529,3.339014075616928,158.43000000000302,effect_55-60
497,9,Other,AMd,1756,11.083759389004397,158.43000000000302,effect_55-60
498,10,Other,AMd,1027,6.482358139241182,158.43000000000302,effect_55-60
499,13,Thalamus,IAD,478,3.017105346209625,158.43000000000302,effect_55-60
500,14,Thalamus,IAD,1235,7.79524080035332,158.43000000000302,effect_55-60
501,16,Thalamus,IAD,763,4.816007069368084,158.43000000000302,effect_55-60
502,18,Thalamus,IAD,773,4.879126428075398,158.43000000000302,effect_55-60
503,40,Thalamus,PO,985,6.217256832670461,158.43000000000302,effect_55-60
504,43,Thalamus,PO,1402,8.849334090765469,158.43000000000302,effect_55-60
505,46,Thalamus,PO,763,4.816007069368084,158.43000000000302,effect_55-60
506,48,Thalamus,PO,795,5.017989017231489,158.43000000000302,effect_55-60
507,65,Other,VISp5,845,5.333585810768061,158.43000000000302,effect_55-60
508,66,Other,VISp5,2707,17.08641040206999,158.43000000000302,effect_55-60
509,69,Thalamus,VPL,354,2.234425298238927,158.43000000000302,effect_55-60
510,77,Thalamus,VPL,473,2.985545666855968,158.43000000000302,effect_55-60
511,79,Thalamus,VPL,944,5.958467461970473,158.43000000000302,effect_55-60
512,89,Thalamus,VPL,434,2.739380167897442,158.43000000000302,effect_55-60
513,90,Thalamus,VPL,1077,6.7979549327777535,158.43000000000302,effect_55-60
514,91,Thalamus,VPL,672,4.241620905131523,158.43000000000302,effect_55-60
515,93,Thalamus,VPL,1341,8.464306002650853,158.43000000000302,effect_55-60
516,97,Thalamus,VPM,1468,9.265921858233744,158.43000000000302,effect_55-60
517,102,Thalamus,VPM,1320,8.331755349365492,158.43000000000302,effect_55-60
518,118,Other,CA3,0,0.0,158.43000000000302,effect_55-60
519,128,STR,LSr,517,3.263270845168151,158.43000000000302,effect_55-60
520,131,STR,STR,837,5.2830903238022096,158.43000000000302,effect_55-60
521,132,STR,STR,337,2.127122388436493,158.43000000000302,effect_55-60
522,135,Motor,MOs6a,1763,11.127942940099517,158.43000000000302,effect_55-60
523,137,Motor,MOs6a,655,4.134317995329089,158.43000000000302,effect_55-60
524,139,Motor,MOs6a,1486,9.37953670390691,158.43000000000302,effect_55-60
525,140,Motor,MOs6a,621,3.91971217572422,158.43000000000302,effect_55-60
526,141,Motor,MOs6a,658,4.153253802941283,158.43000000000302,effect_55-60
527,147,Motor,MOs6a,461,2.909802436407191,158.43000000000302,effect_55-60
528,149,Motor,MOs6a,347,2.190241747143807,158.43000000000302,effect_55-60
529,150,Motor,MOs6a,1010,6.375055229438748,158.43000000000302,effect_55-60
530,152,Motor,MOs6a,376,2.3732878873950187,158.43000000000302,effect_55-60
531,157,STR,LSr,316,1.994571735151133,158.43000000000302,effect_55-60
532,3,Other,AMd,1264,6.759719771110762,186.98999999999978,effect_60-65
533,6,Other,AMd,1235,6.604631263703949,186.98999999999978,effect_60-65
534,8,Other,AMd,760,4.064388469971661,186.98999999999978,effect_60-65
535,9,Other,AMd,1616,8.642173378255531,186.98999999999978,effect_60-65
536,10,Other,AMd,896,4.791700090913959,186.98999999999978,effect_60-65
537,13,Thalamus,IAD,656,3.5082089951334336,186.98999999999978,effect_60-65
538,14,Thalamus,IAD,1345,7.19289801593669,186.98999999999978,effect_60-65
539,16,Thalamus,IAD,816,4.3638697256537835,186.98999999999978,effect_60-65
540,18,Thalamus,IAD,801,4.2836515321675,186.98999999999978,effect_60-65
541,40,Thalamus,PO,1151,6.155409380180766,186.98999999999978,effect_60-65
542,43,Thalamus,PO,1417,7.577945344670847,186.98999999999978,effect_60-65
543,46,Thalamus,PO,826,4.417348521311305,186.98999999999978,effect_60-65
544,48,Thalamus,PO,821,4.390609123482545,186.98999999999978,effect_60-65
545,65,Other,VISp5,943,5.043050430504311,186.98999999999978,effect_60-65
546,66,Other,VISp5,3060,16.364511471201688,186.98999999999978,effect_60-65
547,69,Thalamus,VPL,654,3.497513236001929,186.98999999999978,effect_60-65
548,77,Thalamus,VPL,723,3.86651692603883,186.98999999999978,effect_60-65
549,79,Thalamus,VPL,834,4.460131557837323,186.98999999999978,effect_60-65
550,89,Thalamus,VPL,498,2.6632440237445882,186.98999999999978,effect_60-65
551,90,Thalamus,VPL,1168,6.246323332798553,186.98999999999978,effect_60-65
552,91,Thalamus,VPL,604,3.23011925771432,186.98999999999978,effect_60-65
553,93,Thalamus,VPL,1126,6.021712391036961,186.98999999999978,effect_60-65
554,97,Thalamus,VPM,1097,5.866623883630147,186.98999999999978,effect_60-65
555,102,Thalamus,VPM,1266,6.770415530242267,186.98999999999978,effect_60-65
556,118,Other,CA3,0,0.0,186.98999999999978,effect_60-65
557,128,STR,LSr,719,3.8451254077758215,186.98999999999978,effect_60-65
558,131,STR,STR,847,4.5296539921921015,186.98999999999978,effect_60-65
559,132,STR,STR,361,1.930584523236539,186.98999999999978,effect_60-65
560,135,Motor,MOs6a,2287,12.230600566875248,186.98999999999978,effect_60-65
561,137,Motor,MOs6a,818,4.374565484785288,186.98999999999978,effect_60-65
562,139,Motor,MOs6a,1736,9.283918926145795,186.98999999999978,effect_60-65
563,140,Motor,MOs6a,763,4.0804321086689175,186.98999999999978,effect_60-65
564,141,Motor,MOs6a,699,3.7381678164607774,186.98999999999978,effect_60-65
565,147,Motor,MOs6a,559,2.9894646772554716,186.98999999999978,effect_60-65
566,149,Motor,MOs6a,432,2.310283972404944,186.98999999999978,effect_60-65
567,150,Motor,MOs6a,1432,7.65816353815713,186.98999999999978,effect_60-65
568,152,Motor,MOs6a,408,2.1819348628268918,186.98999999999978,effect_60-65
569,157,STR,LSr,354,1.8931493662762737,186.98999999999978,effect_60-65
570,3,Other,AMd,1366,6.244856907744309,218.7400000000016,effect_65-70
571,6,Other,AMd,1613,7.374051385206127,218.7400000000016,effect_65-70
572,8,Other,AMd,937,4.283624394257992,218.7400000000016,effect_65-70
573,9,Other,AMd,2289,10.464478376154261,218.7400000000016,effect_65-70
574,10,Other,AMd,983,4.493919722044404,218.7400000000016,effect_65-70
575,13,Thalamus,IAD,865,3.954466489896652,218.7400000000016,effect_65-70
576,14,Thalamus,IAD,1183,5.408247234159236,218.7400000000016,effect_65-70
577,16,Thalamus,IAD,1005,4.594495748377035,218.7400000000016,effect_65-70
578,18,Thalamus,IAD,838,3.8310322757611495,218.7400000000016,effect_65-70
579,40,Thalamus,PO,1201,5.490536710249571,218.7400000000016,effect_65-70
580,43,Thalamus,PO,1553,7.099753131571677,218.7400000000016,effect_65-70
581,46,Thalamus,PO,1010,4.617353936179906,218.7400000000016,effect_65-70
582,48,Thalamus,PO,852,3.895035201609188,218.7400000000016,effect_65-70
583,65,Other,VISp5,1051,4.804791076163447,218.7400000000016,effect_65-70
584,66,Other,VISp5,3439,15.72186157081455,218.7400000000016,effect_65-70
585,69,Thalamus,VPL,806,3.6847398738227763,218.7400000000016,effect_65-70
586,77,Thalamus,VPL,942,4.3064825820608625,218.7400000000016,effect_65-70
587,79,Thalamus,VPL,1063,4.859650726890337,218.7400000000016,effect_65-70
588,89,Thalamus,VPL,493,2.253817317363063,218.7400000000016,effect_65-70
589,90,Thalamus,VPL,835,3.817317363079427,218.7400000000016,effect_65-70
590,91,Thalamus,VPL,704,3.2184328426442117,218.7400000000016,effect_65-70
591,93,Thalamus,VPL,1165,5.325957758068902,218.7400000000016,effect_65-70
592,97,Thalamus,VPM,1299,5.938557191185839,218.7400000000016,effect_65-70
593,102,Thalamus,VPM,1054,4.818505988845169,218.7400000000016,effect_65-70
594,118,Other,CA3,0,0.0,218.7400000000016,effect_65-70
595,128,STR,LSr,1001,4.576209198134738,218.7400000000016,effect_65-70
596,131,STR,STR,927,4.23790801865225,218.7400000000016,effect_65-70
597,132,STR,STR,434,1.9840907012891873,218.7400000000016,effect_65-70
598,135,Motor,MOs6a,2621,11.982262046264884,218.7400000000016,effect_65-70
599,137,Motor,MOs6a,947,4.329340769863734,218.7400000000016,effect_65-70
600,139,Motor,MOs6a,1921,8.78211575386297,218.7400000000016,effect_65-70
601,140,Motor,MOs6a,783,3.5795922099295705,218.7400000000016,effect_65-70
602,141,Motor,MOs6a,881,4.027612690865839,218.7400000000016,effect_65-70
603,147,Motor,MOs6a,702,3.2092895675230633,218.7400000000016,effect_65-70
604,149,Motor,MOs6a,505,2.308676968089953,218.7400000000016,effect_65-70
605,150,Motor,MOs6a,1349,6.167139069214548,218.7400000000016,effect_65-70
606,152,Motor,MOs6a,596,2.7246959861022018,218.7400000000016,effect_65-70
607,157,STR,LSr,495,2.262960592484211,218.7400000000016,effect_65-70
608,3,Other,AMd,1416,7.798645150630623,181.5699999999997,effect_70-75
609,6,Other,AMd,1338,7.36905876521453,181.5699999999997,effect_70-75
610,8,Other,AMd,574,3.1613151952415097,181.5699999999997,effect_70-75
611,9,Other,AMd,1837,10.11731012832518,181.5699999999997,effect_70-75
612,10,Other,AMd,924,5.088946411852186,181.5699999999997,effect_70-75
613,13,Thalamus,IAD,603,3.3210332103321085,181.5699999999997,effect_70-75
614,14,Thalamus,IAD,1192,6.56496117199979,181.5699999999997,effect_70-75
615,16,Thalamus,IAD,793,4.3674615850636185,181.5699999999997,effect_70-75
616,18,Thalamus,IAD,818,4.505149529107238,181.5699999999997,effect_70-75
617,40,Thalamus,PO,1232,6.785261882469582,181.5699999999997,effect_70-75
618,43,Thalamus,PO,1402,7.721539901966196,181.5699999999997,effect_70-75
619,46,Thalamus,PO,832,4.582254777771666,181.5699999999997,effect_70-75
620,48,Thalamus,PO,939,5.1715591782783585,181.5699999999997,effect_70-75
621,65,Other,VISp5,887,4.885168254667629,181.5699999999997,effect_70-75
622,66,Other,VISp5,2998,16.51153824971088,181.5699999999997,effect_70-75
623,69,Thalamus,VPL,508,2.7978190229663538,181.5699999999997,effect_70-75
624,77,Thalamus,VPL,830,4.571239742248176,181.5699999999997,effect_70-75
625,79,Thalamus,VPL,962,5.298232086798488,181.5699999999997,effect_70-75
626,89,Thalamus,VPL,512,2.8198490940133327,181.5699999999997,effect_70-75
627,90,Thalamus,VPL,920,5.066916340805207,181.5699999999997,effect_70-75
628,91,Thalamus,VPL,650,3.579886545134114,181.5699999999997,effect_70-75
629,93,Thalamus,VPL,1110,6.1133447155367175,181.5699999999997,effect_70-75
630,97,Thalamus,VPM,1418,7.809660186154113,181.5699999999997,effect_70-75
631,102,Thalamus,VPM,1444,7.952855647959478,181.5699999999997,effect_70-75
632,118,Other,CA3,0,0.0,181.5699999999997,effect_70-75
633,128,STR,LSr,627,3.4532136366139836,181.5699999999997,effect_70-75
634,131,STR,STR,811,4.466596904775025,181.5699999999997,effect_70-75
635,132,STR,STR,304,1.6742853995704163,181.5699999999997,effect_70-75
636,135,Motor,MOs6a,2179,12.000881202841898,181.5699999999997,effect_70-75
637,137,Motor,MOs6a,827,4.554717188962941,181.5699999999997,effect_70-75
638,139,Motor,MOs6a,1710,9.417855372583592,181.5699999999997,effect_70-75
639,140,Motor,MOs6a,666,3.6680068293220303,181.5699999999997,effect_70-75
640,141,Motor,MOs6a,718,3.9543977529327594,181.5699999999997,effect_70-75
641,147,Motor,MOs6a,597,3.28798810376164,181.5699999999997,effect_70-75
642,149,Motor,MOs6a,427,2.3517100842650254,181.5699999999997,effect_70-75
643,150,Motor,MOs6a,1226,6.752216775899113,181.5699999999997,effect_70-75
644,152,Motor,MOs6a,449,2.472875475023411,181.5699999999997,effect_70-75
645,157,STR,LSr,347,1.9111086633254424,181.5699999999997,effect_70-75
646,3,Other,AMd,1639,7.563102764062539,216.71000000000095,effect_75-80
647,6,Other,AMd,1390,6.414101795025582,216.71000000000095,effect_75-80
648,8,Other,AMd,922,4.254533708642868,216.71000000000095,effect_75-80
649,9,Other,AMd,2183,10.073369941396292,216.71000000000095,effect_75-80
650,10,Other,AMd,1181,5.449679294910225,216.71000000000095,effect_75-80
651,13,Thalamus,IAD,811,3.7423284573854296,216.71000000000095,effect_75-80
652,14,Thalamus,IAD,1347,6.215679940934863,216.71000000000095,effect_75-80
653,16,Thalamus,IAD,1093,5.043606663282706,216.71000000000095,effect_75-80
654,18,Thalamus,IAD,1115,5.145124821189586,216.71000000000095,effect_75-80
655,40,Thalamus,PO,1196,5.518896220755825,216.71000000000095,effect_75-80
656,43,Thalamus,PO,1412,6.515619952932462,216.71000000000095,effect_75-80
657,46,Thalamus,PO,983,4.536015873748307,216.71000000000095,effect_75-80
658,48,Thalamus,PO,999,4.609847261316947,216.71000000000095,effect_75-80
659,65,Other,VISp5,939,4.332979557934548,216.71000000000095,effect_75-80
660,66,Other,VISp5,3113,14.36481934382348,216.71000000000095,effect_75-80
661,69,Thalamus,VPL,719,3.317797978865751,216.71000000000095,effect_75-80
662,77,Thalamus,VPL,719,3.317797978865751,216.71000000000095,effect_75-80
663,79,Thalamus,VPL,862,3.977666005260469,216.71000000000095,effect_75-80
664,89,Thalamus,VPL,541,2.496423792164633,216.71000000000095,effect_75-80
665,90,Thalamus,VPL,1066,4.9190161967606265,216.71000000000095,effect_75-80
666,91,Thalamus,VPL,1025,4.729823266115987,216.71000000000095,effect_75-80
667,93,Thalamus,VPL,1050,4.845184809191987,216.71000000000095,effect_75-80
668,97,Thalamus,VPM,1321,6.095703936135823,216.71000000000095,effect_75-80
669,102,Thalamus,VPM,1195,5.514281759032785,216.71000000000095,effect_75-80
670,118,Other,CA3,0,0.0,216.71000000000095,effect_75-80
671,128,STR,LSr,973,4.489871256517907,216.71000000000095,effect_75-80
672,131,STR,STR,838,3.8669189239075092,216.71000000000095,effect_75-80
673,132,STR,STR,403,1.8596280743851148,216.71000000000095,effect_75-80
674,135,Motor,MOs6a,2483,11.457708458308288,216.71000000000095,effect_75-80
675,137,Motor,MOs6a,855,3.945364773199189,216.71000000000095,effect_75-80
676,139,Motor,MOs6a,2016,9.302754833648613,216.71000000000095,effect_75-80
677,140,Motor,MOs6a,772,3.56236445018687,216.71000000000095,effect_75-80
678,141,Motor,MOs6a,836,3.8576900004614294,216.71000000000095,effect_75-80
679,147,Motor,MOs6a,662,3.0547736606524714,216.71000000000095,effect_75-80
680,149,Motor,MOs6a,523,2.413363481149913,216.71000000000095,effect_75-80
681,150,Motor,MOs6a,1498,6.912463661113901,216.71000000000095,effect_75-80
682,152,Motor,MOs6a,499,2.3026163997969538,216.71000000000095,effect_75-80
683,157,STR,LSr,436,2.0119053112454344,216.71000000000095,effect_75-80
684,3,Other,AMd,1659,6.904157476382758,240.28999999999814,effect_80-85
685,6,Other,AMd,1841,7.661575596154706,240.28999999999814,effect_80-85
686,8,Other,AMd,1007,4.190769486870065,240.28999999999814,effect_80-85
687,9,Other,AMd,2278,9.480211411211526,240.28999999999814,effect_80-85
688,10,Other,AMd,1191,4.956510882683462,240.28999999999814,effect_80-85
689,13,Thalamus,IAD,930,3.87032335927424,240.28999999999814,effect_80-85
690,14,Thalamus,IAD,1568,6.525448416496784,240.28999999999814,effect_80-85
691,16,Thalamus,IAD,1183,4.923217778517663,240.28999999999814,effect_80-85
692,18,Thalamus,IAD,1191,4.956510882683462,240.28999999999814,effect_80-85
693,40,Thalamus,PO,1346,5.601564775895836,240.28999999999814,effect_80-85
694,43,Thalamus,PO,1502,6.2507803071289345,240.28999999999814,effect_80-85
695,46,Thalamus,PO,1064,4.427982854051389,240.28999999999814,effect_80-85
696,48,Thalamus,PO,977,4.065920346248315,240.28999999999814,effect_80-85
697,65,Other,VISp5,1053,4.382204835823414,240.28999999999814,effect_80-85
698,66,Other,VISp5,3272,13.616879603812166,240.28999999999814,effect_80-85
699,69,Thalamus,VPL,758,3.154521619709542,240.28999999999814,effect_80-85
700,77,Thalamus,VPL,1189,4.948187606642012,240.28999999999814,effect_80-85
701,79,Thalamus,VPL,1000,4.16163802072499,240.28999999999814,effect_80-85
702,89,Thalamus,VPL,558,2.322194015564544,240.28999999999814,effect_80-85
703,90,Thalamus,VPL,817,3.4000582629323164,240.28999999999814,effect_80-85
704,91,Thalamus,VPL,898,3.7371509426110405,240.28999999999814,effect_80-85
705,93,Thalamus,VPL,1108,4.611094926963288,240.28999999999814,effect_80-85
706,97,Thalamus,VPM,1357,5.64734279412381,240.28999999999814,effect_80-85
707,102,Thalamus,VPM,993,4.132506554579915,240.28999999999814,effect_80-85
708,118,Other,CA3,0,0.0,240.28999999999814,effect_80-85
709,128,STR,LSr,1121,4.665196221232713,240.28999999999814,effect_80-85
710,131,STR,STR,901,3.7496358566732155,240.28999999999814,effect_80-85
711,132,STR,STR,477,1.98510133588582,240.28999999999814,effect_80-85
712,135,Motor,MOs6a,2605,10.841067043988598,240.28999999999814,effect_80-85
713,137,Motor,MOs6a,1169,4.864954846227513,240.28999999999814,effect_80-85
714,139,Motor,MOs6a,2348,9.771526072662276,240.28999999999814,effect_80-85
715,140,Motor,MOs6a,954,3.97020267177164,240.28999999999814,effect_80-85
716,141,Motor,MOs6a,926,3.85367680719134,240.28999999999814,effect_80-85
717,147,Motor,MOs6a,574,2.388780223896144,240.28999999999814,effect_80-85
718,149,Motor,MOs6a,570,2.372133671813244,240.28999999999814,effect_80-85
719,150,Motor,MOs6a,1552,6.458862208165184,240.28999999999814,effect_80-85
720,152,Motor,MOs6a,480,1.997586249947995,240.28999999999814,effect_80-85
721,157,STR,LSr,502,2.089142286403945,240.28999999999814,effect_80-85
722,3,Other,AMd,1544,8.19663428359073,188.3700000000017,effect_85-90
723,6,Other,AMd,1687,8.955778520995832,188.3700000000017,effect_85-90
724,8,Other,AMd,746,3.96029091681262,188.3700000000017,effect_85-90
725,9,Other,AMd,2141,11.365928757233002,188.3700000000017,effect_85-90
726,10,Other,AMd,1102,5.850188458884058,188.3700000000017,effect_85-90
727,13,Thalamus,IAD,620,3.291394595742392,188.3700000000017,effect_85-90
728,14,Thalamus,IAD,1646,8.738121781599963,188.3700000000017,effect_85-90
729,16,Thalamus,IAD,970,5.149439932048581,188.3700000000017,effect_85-90
730,18,Thalamus,IAD,1051,5.579444709879442,188.3700000000017,effect_85-90
731,40,Thalamus,PO,1329,7.055263577002643,188.3700000000017,effect_85-90
732,43,Thalamus,PO,1343,7.129585390454891,188.3700000000017,effect_85-90
733,46,Thalamus,PO,1023,5.430801082974947,188.3700000000017,effect_85-90
734,48,Thalamus,PO,870,4.6185698359610985,188.3700000000017,effect_85-90
735,65,Other,VISp5,840,4.459308807134853,188.3700000000017,effect_85-90
736,66,Other,VISp5,2670,14.174231565535784,188.3700000000017,effect_85-90
737,69,Thalamus,VPL,481,2.5534851621807912,188.3700000000017,effect_85-90
738,77,Thalamus,VPL,847,4.496469713860978,188.3700000000017,effect_85-90
739,79,Thalamus,VPL,912,4.841535276317841,188.3700000000017,effect_85-90
740,89,Thalamus,VPL,521,2.765833200615784,188.3700000000017,effect_85-90
741,90,Thalamus,VPL,1014,5.383022774327073,188.3700000000017,effect_85-90
742,91,Thalamus,VPL,771,4.093008440834491,188.3700000000017,effect_85-90
743,93,Thalamus,VPL,975,5.175983436852955,188.3700000000017,effect_85-90
744,97,Thalamus,VPM,1370,7.272920316398511,188.3700000000017,effect_85-90
745,102,Thalamus,VPM,1306,6.933163454902522,188.3700000000017,effect_85-90
746,118,Other,CA3,0,0.0,188.3700000000017,effect_85-90
747,128,STR,LSr,782,4.151404151404114,188.3700000000017,effect_85-90
748,131,STR,STR,745,3.954982215851745,188.3700000000017,effect_85-90
749,132,STR,STR,523,2.7764506025375337,188.3700000000017,effect_85-90
750,135,Motor,MOs6a,1980,10.511227902532156,188.3700000000017,effect_85-90
751,137,Motor,MOs6a,773,4.10362584275624,188.3700000000017,effect_85-90
752,139,Motor,MOs6a,1912,10.150236237192667,188.3700000000017,effect_85-90
753,140,Motor,MOs6a,696,3.6948558687688786,188.3700000000017,effect_85-90
754,141,Motor,MOs6a,728,3.864734299516873,188.3700000000017,effect_85-90
755,147,Motor,MOs6a,370,1.9642193555236855,188.3700000000017,effect_85-90
756,149,Motor,MOs6a,355,1.8845888411105631,188.3700000000017,effect_85-90
757,150,Motor,MOs6a,1169,6.205871423262671,188.3700000000017,effect_85-90
758,152,Motor,MOs6a,341,1.8102670276583155,188.3700000000017,effect_85-90
759,157,STR,LSr,438,2.3252110208631738,188.3700000000017,effect_85-90
760,3,Other,AMd,1875,9.784480509314541,191.63000000000557,effect_90-94
761,6,Other,AMd,1142,5.959400928873176,191.63000000000557,effect_90-94
762,8,Other,AMd,1187,6.194228461096726,191.63000000000557,effect_90-94
763,9,Other,AMd,1859,9.700986275635056,191.63000000000557,effect_90-94
764,10,Other,AMd,1334,6.961331733026985,191.63000000000557,effect_90-94
765,13,Thalamus,IAD,847,4.419975995407689,191.63000000000557,effect_90-94
766,14,Thalamus,IAD,1345,7.018734018681631,191.63000000000557,effect_90-94
767,16,Thalamus,IAD,1194,6.2307571883315,191.63000000000557,effect_90-94
768,18,Thalamus,IAD,1073,5.599332046130401,191.63000000000557,effect_90-94
769,40,Thalamus,PO,1178,6.147262954652016,191.63000000000557,effect_90-94
770,43,Thalamus,PO,1259,6.569952512654404,191.63000000000557,effect_90-94
771,46,Thalamus,PO,913,4.7643897093355605,191.63000000000557,effect_90-94
772,48,Thalamus,PO,871,4.545217345926915,191.63000000000557,effect_90-94
773,65,Other,VISp5,867,4.524343787507044,191.63000000000557,effect_90-94
774,66,Other,VISp5,2579,13.45822679121184,191.63000000000557,effect_90-94
775,69,Thalamus,VPL,506,2.6405051401136843,191.63000000000557,effect_90-94
776,77,Thalamus,VPL,958,4.999217241559109,191.63000000000557,effect_90-94
777,79,Thalamus,VPL,764,3.986849658195365,191.63000000000557,effect_90-94
778,89,Thalamus,VPL,504,2.6300683609037487,191.63000000000557,effect_90-94
779,90,Thalamus,VPL,823,4.294734644888463,191.63000000000557,effect_90-94
780,91,Thalamus,VPL,809,4.221677190418914,191.63000000000557,effect_90-94
781,93,Thalamus,VPL,1051,5.484527474821111,191.63000000000557,effect_90-94
782,97,Thalamus,VPM,1144,5.969837708083112,191.63000000000557,effect_90-94
783,102,Thalamus,VPM,1305,6.809998434482921,191.63000000000557,effect_90-94
784,118,Other,CA3,0,0.0,191.63000000000557,effect_90-94
785,128,STR,LSr,858,4.477378281062334,191.63000000000557,effect_90-94
786,131,STR,STR,727,3.793769242811558,191.63000000000557,effect_90-94
787,132,STR,STR,505,2.6352867505087163,191.63000000000557,effect_90-94
788,135,Motor,MOs6a,1983,10.34806658665106,191.63000000000557,effect_90-94
789,137,Motor,MOs6a,875,4.566090904346786,191.63000000000557,effect_90-94
790,139,Motor,MOs6a,2128,11.104733079371384,191.63000000000557,effect_90-94
791,140,Motor,MOs6a,771,4.0233783854301395,191.63000000000557,effect_90-94
792,141,Motor,MOs6a,642,3.350206126389299,191.63000000000557,effect_90-94
793,147,Motor,MOs6a,476,2.4839534519646516,191.63000000000557,effect_90-94
794,149,Motor,MOs6a,441,2.30130981579078,191.63000000000557,effect_90-94
795,150,Motor,MOs6a,1174,6.1263893962321445,191.63000000000557,effect_90-94
796,152,Motor,MOs6a,314,1.6385743359598752,191.63000000000557,effect_90-94
797,157,STR,LSr,407,2.1238845692218766,191.63000000000557,effect_90-94
